Run,Event,E,px,py,pz,pt,eta,phi,Q,MET,phiMET,Mt
146944,144394830,51.24,25.71,-0.24,44.32,25.71,1.31,-0.01,1,26.29,2.63,50.34
146944,144450046,61.69,-21.06,21.68,53.78,30.23,1.34,2.34,1,60.96,0.18,75.67
146944,143369359,69.23,29.09,21.83,58.91,36.37,1.26,0.64,1,35.74,-1.93,69.25
146944,143781992,55.44,-19.07,-32.10,40.97,37.34,0.95,-2.11,1,37.74,1.48,73.24
146944,146409841,44.08,-21.77,18.73,33.45,28.72,0.99,2.43,1,17.12,2.92,10.76
146944,147307129,46.97,-4.28,-41.94,-20.71,42.16,-0.47,-1.67,1,50.46,1.37,92.13
146944,147621545,109.02,14.82,-24.64,105.16,28.75,2.01,-1.03,-1,6.48,2.03,27.28
146944,146575242,81.52,35.06,-9.93,-72.92,36.44,-1.44,-0.28,1,28.97,-3.13,64.31
146944,146923034,59.77,-18.99,-21.60,52.39,28.76,1.36,-2.29,-1,0.89,2.69,6.14
146944,147313218,59.12,-11.89,56.54,12.56,57.77,0.22,1.78,-1,16.40,-1.34,61.56
146944,146265748,125.45,30.00,11.73,-121.24,32.21,-2.04,0.37,1,8.01,-1.71,27.74
146944,147111244,44.25,24.60,-7.32,36.04,25.66,1.14,-0.29,-1,13.69,0.25,10.05
146944,146429454,42.82,29.29,5.49,30.75,29.80,0.90,0.19,-1,22.23,-2.92,51.47
146944,146864222,28.76,-28.45,-3.03,-2.93,28.61,-0.10,-3.04,1,23.85,0.10,52.24
146944,156987554,44.43,34.28,-11.50,25.81,36.16,0.66,-0.32,1,40.69,2.69,76.57
146944,156900355,131.94,9.43,24.14,129.37,25.91,2.31,1.20,1,12.39,-2.67,33.48
146944,157504523,50.68,17.79,40.17,-25.26,43.94,-0.55,1.15,1,34.94,-1.38,74.81
146944,157942843,199.03,-44.70,13.32,193.49,46.65,2.13,2.85,-1,14.05,2.14,17.81
146944,157188356,104.80,-16.73,-29.59,99.14,33.99,1.79,-2.09,1,32.86,0.91,66.66
146944,156804478,26.66,-24.68,-9.88,-2.00,26.58,-0.08,-2.76,1,29.19,-0.05,54.44
146944,157637151,48.73,13.15,35.03,-31.22,37.42,-0.76,1.21,-1,36.64,-1.89,74.04
146944,570547121,43.91,11.76,36.76,20.96,38.59,0.52,1.26,1,36.37,-1.80,74.87
146944,570319458,57.37,28.03,-21.05,45.42,35.05,1.08,-0.64,-1,36.50,2.88,70.25
146944,570470066,29.73,27.98,-6.53,7.64,28.73,0.26,-0.23,-1,29.77,3.04,58.36
146944,570548122,44.40,-2.60,-36.16,25.63,36.25,0.66,-1.64,1,39.70,1.77,75.19
146944,571638374,75.57,-47.08,9.25,-58.38,47.98,-1.03,2.95,1,77.50,-1.88,80.97
146944,572179328,44.20,-36.42,25.05,-0.48,44.20,-0.01,2.54,1,2.91,-0.84,22.55
146944,572596552,43.33,-29.84,-17.41,-26.16,34.54,-0.70,-2.61,1,45.35,0.64,79.04
146944,572906546,83.15,24.35,11.49,78.67,26.93,1.79,0.44,1,13.17,-2.80,37.62
146944,571737851,101.99,-17.60,-22.47,97.91,28.54,1.95,-2.24,-1,10.82,-0.64,25.11
146944,572207564,33.63,-31.62,-11.41,-0.82,33.62,-0.02,-2.80,-1,33.40,0.31,67.01
146944,572007861,64.27,40.11,17.67,-47.01,43.83,-0.93,0.42,1,34.30,-2.59,77.36
146944,572380005,36.12,6.30,-35.20,-5.12,35.75,-0.14,-1.39,-1,37.19,1.68,72.88
146944,572750069,40.68,-25.19,18.45,26.07,31.23,0.76,2.51,-1,18.10,-0.03,45.44
146944,572160950,68.20,-1.99,33.89,-59.15,33.95,-1.32,1.63,-1,42.89,-1.20,75.36
146944,572323406,64.92,3.55,41.33,-49.93,41.49,-1.02,1.49,1,40.94,-1.80,82.20
146944,572318391,38.89,31.12,-20.01,-12.01,36.99,-0.32,-0.57,1,40.98,2.82,77.25
146944,573018155,129.56,-23.31,80.34,98.94,83.65,1.00,1.85,1,37.72,-1.32,112.32
146944,573165787,30.67,19.45,-20.16,12.49,28.01,0.43,-0.80,-1,41.31,3.03,64.01
146944,573569891,37.00,16.15,32.67,6.38,36.45,0.17,1.11,1,29.10,-1.89,64.99
146944,573625044,46.41,26.38,-8.61,37.21,27.75,1.10,-0.32,1,20.72,2.87,47.94
146944,573557685,58.36,-42.80,-15.97,-36.32,45.69,-0.73,-2.78,1,47.13,-0.26,88.36
146944,573278558,144.85,23.23,11.80,-142.49,26.05,-2.40,0.47,-1,10.52,-1.86,30.41
146944,574693528,91.59,-40.33,-10.95,81.50,41.79,1.42,-2.88,-1,38.80,-0.04,79.62
146944,574679289,53.41,-20.74,17.00,46.19,26.82,1.31,2.45,1,7.08,-0.43,27.33
146944,574984589,50.97,31.22,-23.17,-32.95,38.88,-0.77,-0.64,1,36.32,2.63,75.01
146944,575584653,138.94,24.09,8.98,136.54,25.71,2.37,0.36,-1,17.77,-2.17,40.77
146944,574648039,71.59,-16.27,-64.33,26.87,66.36,0.39,-1.82,-1,48.42,0.90,110.88
146944,576838488,148.34,-12.17,-31.58,-144.43,33.84,-2.16,-1.94,1,17.29,-1.88,1.32
146944,576782955,131.66,6.55,-27.22,128.65,28.00,2.23,-1.33,1,30.88,0.50,46.61
146944,576683926,192.76,41.73,-11.57,187.84,43.30,2.17,-0.27,-1,34.97,2.78,77.74
146944,576120295,35.90,-3.28,-30.53,-18.61,30.70,-0.57,-1.68,1,10.31,0.52,31.68
146944,577046543,151.07,-8.32,28.58,-148.11,29.77,-2.31,1.85,-1,43.61,-1.08,71.68
146944,577826544,66.93,37.09,-9.04,-54.98,38.18,-1.16,-0.24,-1,35.42,2.85,73.52
146944,577272474,190.59,-22.01,-24.47,-187.73,32.91,-2.44,-2.30,1,7.12,-1.18,16.30
146944,577220733,32.53,17.32,-20.31,18.59,26.69,0.65,-0.86,1,14.54,-1.17,5.97
146944,577492813,151.40,12.66,-23.74,148.99,26.91,2.41,-1.08,1,4.97,0.83,18.91
146944,577983502,69.26,29.10,-20.90,-59.27,35.83,-1.28,-0.62,-1,31.08,2.56,66.73
146944,577973967,103.64,3.30,37.24,96.66,37.39,1.68,1.48,1,51.81,-1.62,88.00
146944,586384137,52.21,9.57,38.86,-33.54,40.02,-0.76,1.33,-1,35.50,-2.00,75.04
146944,586469521,46.95,-25.28,-5.23,-39.22,25.82,-1.21,-2.94,1,53.64,-1.89,37.12
146944,586444979,91.30,-1.41,-25.92,-87.53,25.95,-1.93,-1.63,1,17.18,-0.39,24.46
146944,587197083,42.72,-29.74,-15.20,26.64,33.39,0.73,-2.67,-1,45.21,0.21,77.04
146944,586809628,222.80,20.21,-34.09,219.24,39.63,2.41,-1.04,1,14.51,-0.74,7.00
146944,586992381,179.85,-46.88,1.34,173.63,46.90,2.02,3.11,-1,9.42,2.39,14.88
146944,586915102,40.52,21.63,-20.94,27.12,30.10,0.81,-0.77,1,48.90,1.28,65.62
146944,587377168,144.96,4.62,27.54,-142.24,27.92,-2.33,1.40,-1,11.00,3.10,26.27
146944,587968710,97.10,-3.06,35.98,90.14,36.11,1.65,1.66,-1,34.39,-0.74,65.57
146944,588205238,182.88,-38.92,-10.97,-178.35,40.44,-2.19,-2.87,-1,10.68,0.52,41.24
146944,587926103,85.23,30.50,-15.38,78.09,34.16,1.56,-0.47,1,18.24,-0.52,1.31
146944,588518055,70.14,66.28,-9.04,-21.09,66.90,-0.31,-0.14,-1,23.81,2.59,78.11
146944,588360800,30.17,11.99,-26.42,-8.25,29.02,-0.28,-1.14,-1,7.16,-1.90,10.67
146944,593028393,101.56,31.76,12.35,95.68,34.07,1.76,0.37,1,28.59,-2.95,62.16
146944,592218189,65.96,-22.59,-11.74,-60.85,25.46,-1.61,-2.66,-1,19.31,0.02,43.18
146944,592374598,77.42,-10.39,-24.64,72.66,26.74,1.72,-1.97,1,0.82,2.02,8.54
146944,592270175,196.78,-27.85,24.05,193.31,36.80,2.36,2.43,-1,39.30,-0.71,76.06
146944,592835143,51.18,38.44,10.20,-32.22,39.77,-0.74,0.26,1,45.98,-2.92,85.50
146944,591969352,80.43,-5.73,44.76,-66.58,45.13,-1.18,1.70,-1,0.86,-1.80,12.24
146944,592225040,229.08,22.44,-33.13,225.56,40.01,2.43,-0.98,-1,14.00,1.92,46.99
146944,593076521,186.78,4.67,35.57,183.30,35.87,2.33,1.44,-1,42.30,-1.72,77.91
146944,593502345,40.90,-38.13,-7.67,-12.67,38.89,-0.32,-2.94,-1,37.54,0.20,76.41
146944,593941482,81.76,42.57,3.54,-69.71,42.71,-1.27,0.08,-1,14.71,-2.94,50.04
146944,594058754,28.53,8.96,25.63,-8.77,27.15,-0.32,1.23,-1,59.84,-1.79,80.47
146944,594388910,44.91,8.52,-37.39,23.38,38.35,0.58,-1.35,1,36.01,1.56,73.82
146944,594027551,166.91,-12.46,-40.97,-161.32,42.82,-2.04,-1.87,-1,2.60,-1.61,2.72
146944,594087223,169.84,20.19,20.24,167.41,28.59,2.47,0.79,1,7.30,0.35,6.23
146944,594339056,63.07,-12.30,-60.91,10.81,62.14,0.17,-1.77,-1,25.71,1.48,79.81
146944,93959228,213.82,-34.01,-10.10,210.85,35.48,2.48,-2.85,-1,37.26,0.42,72.57
146944,94686148,41.04,37.19,-14.26,-9.90,39.83,-0.25,-0.37,-1,14.03,-1.20,19.21
146944,94580325,68.15,-37.26,-5.91,-56.75,37.73,-1.20,-2.98,1,25.63,0.13,62.18
146944,94945284,47.68,-19.95,-43.17,-3.39,47.56,-0.07,-2.00,-1,32.36,1.08,78.42
146944,94194291,150.21,1.80,-26.04,147.92,26.10,2.44,-1.50,-1,6.71,1.49,26.38
146944,96348439,67.61,15.69,-33.35,-56.68,36.86,-1.22,-1.13,1,7.70,0.96,29.11
146944,95287873,153.06,-28.21,-6.80,-150.29,29.02,-2.35,-2.91,-1,4.98,-1.71,13.56
146944,95617233,81.28,16.65,-51.63,60.53,54.25,0.96,-1.26,-1,33.52,-1.23,1.06
146944,95101010,43.51,31.27,28.84,9.17,42.54,0.21,0.75,-1,21.06,-2.27,59.75
146944,95991914,51.29,28.18,6.61,42.35,28.95,1.17,0.23,-1,20.25,-1.90,42.31
146944,95617291,152.55,-10.91,49.67,-143.83,50.86,-1.76,1.79,1,39.98,-0.93,88.15
146944,97408014,185.57,-30.82,23.93,-181.43,39.02,-2.24,2.48,1,40.68,-0.77,79.56
146944,97906086,139.85,-35.51,-21.30,133.58,41.40,1.89,-2.60,-1,17.39,1.17,51.07
146944,277950136,95.97,-1.17,-28.02,-91.78,28.05,-1.90,-1.61,-1,28.93,1.86,56.18
146944,278143224,59.04,-7.47,-31.47,-49.39,32.35,-1.21,-1.80,-1,46.94,1.58,77.34
146944,277224546,72.50,32.34,29.39,-57.85,43.69,-1.09,0.74,1,34.31,-2.33,77.39
146944,277312037,33.77,27.60,19.06,3.89,33.54,0.12,0.60,1,34.17,-2.52,67.71
146944,278478237,43.05,19.79,29.28,24.59,35.34,0.65,0.98,1,46.03,-2.00,80.37
146944,408704879,42.09,-9.02,-37.20,17.52,38.27,0.44,-1.81,-1,40.33,0.87,76.45
146944,408678696,59.58,52.25,-17.60,22.59,55.13,0.40,-0.32,-1,29.14,2.54,79.40
146944,409068920,236.92,-29.60,54.55,-228.65,62.06,-2.02,2.07,-1,7.33,-0.84,42.38
146944,409581648,100.66,-24.84,36.23,-90.57,43.93,-1.47,2.17,1,59.99,-2.43,76.44
146944,409674848,27.01,25.12,-9.73,1.90,26.94,0.07,-0.37,-1,42.81,-2.80,63.66
146944,408569114,138.74,-17.67,31.60,-133.93,36.21,-2.02,2.08,-1,26.44,-1.87,56.85
146944,409014868,28.02,26.40,-1.27,9.30,26.43,0.34,-0.05,-1,17.52,2.44,40.76
146944,408875318,51.70,12.28,47.09,-17.46,48.67,-0.35,1.32,-1,35.55,-2.28,81.02
146944,410728479,93.99,8.98,33.43,87.38,34.61,1.66,1.31,-1,37.84,-1.69,72.19
146944,410240256,29.29,-19.25,-20.74,7.58,28.30,0.26,-2.32,1,21.76,1.13,49.02
146944,410681584,37.88,30.04,22.48,5.15,37.52,0.14,0.64,1,47.26,-2.64,84.03
146944,410685137,38.25,-35.01,15.39,0.63,38.24,0.02,2.73,1,16.43,-0.61,49.89
146944,410039749,166.55,-25.36,-10.87,-164.25,27.59,-2.48,-2.74,1,3.67,1.57,16.78
146944,431653618,34.84,-4.90,27.11,-21.33,27.55,-0.71,1.75,-1,41.00,-2.12,62.76
146944,431449541,51.66,6.72,-39.61,-32.46,40.18,-0.74,-1.40,-1,43.82,1.56,83.59
146944,430678560,180.94,13.44,40.08,175.93,42.27,2.13,1.25,1,39.36,-1.86,81.57
146944,430672361,61.19,15.20,35.87,-47.18,38.96,-1.02,1.17,-1,5.88,-3.11,25.50
146944,431056801,187.45,34.63,16.55,-183.48,38.38,-2.27,0.45,-1,19.55,-2.16,52.87
146944,432042834,137.62,-74.88,-42.87,-107.20,86.29,-1.04,-2.62,-1,7.14,0.10,48.53
146944,432543408,179.60,32.62,-23.95,-174.98,40.47,-2.17,-0.63,-1,34.70,-2.99,69.31
146944,436147093,55.65,5.55,-27.27,48.19,27.83,1.32,-1.37,-1,30.00,1.78,57.79
146944,436218902,28.77,-20.61,-18.73,-7.24,27.84,-0.26,-2.40,1,0.87,-0.97,6.47
146944,436074911,61.69,38.78,-6.33,47.56,39.29,1.02,-0.16,1,37.92,3.02,77.18
146944,437040103,60.05,21.35,-26.27,49.60,33.85,1.18,-0.89,1,25.90,-0.28,17.77
146944,436251060,79.59,-22.61,-22.46,72.93,31.87,1.57,-2.36,-1,7.94,-2.13,3.65
146944,436318012,103.94,-25.16,-20.61,98.73,32.52,1.83,-2.46,1,39.56,1.12,70.03
146944,436790612,72.90,9.03,-39.69,60.48,40.70,1.19,-1.35,1,47.76,1.40,86.51
146944,436909468,57.43,-36.71,-21.82,38.40,42.70,0.81,-2.61,-1,36.12,0.68,78.35
146944,438664424,38.35,-3.28,-27.70,26.33,27.89,0.84,-1.69,1,37.89,1.08,63.92
146944,438658584,25.69,1.05,25.66,0.39,25.68,0.02,1.53,-1,19.03,-0.88,41.25
146944,437889866,48.34,24.63,20.57,36.16,32.09,0.97,0.70,-1,37.00,-2.88,67.32
146944,438786170,47.70,-39.90,9.58,-24.32,41.03,-0.56,2.91,-1,39.94,-0.42,80.62
146944,437635715,106.54,-27.42,-8.46,102.60,28.69,1.99,-2.84,-1,11.29,0.64,35.48
146944,441719581,63.65,21.59,28.17,52.84,35.50,1.19,0.92,-1,40.75,-2.46,75.54
146944,442581552,61.16,-14.87,-42.68,-41.20,45.20,-0.82,-1.91,-1,2.84,1.62,22.26
146944,442295218,177.32,14.64,-25.45,-174.87,29.36,-2.48,-1.05,1,25.76,2.17,54.96
146944,441713076,65.02,33.59,34.92,43.36,48.45,0.81,0.80,1,42.74,-2.32,91.01
146944,441929668,38.16,31.95,12.95,-16.36,34.47,-0.46,0.39,-1,39.53,-2.67,73.76
146944,443292070,257.00,9.53,-42.64,-253.26,43.70,-2.46,-1.35,1,41.89,2.03,84.97
146944,443943982,50.84,27.09,-16.27,-39.82,31.60,-1.05,-0.54,-1,15.06,2.80,43.41
146944,443815768,56.61,21.11,-17.57,-49.50,27.47,-1.35,-0.69,-1,20.38,2.70,46.96
146944,443941298,56.21,11.23,27.17,-47.90,29.40,-1.26,1.18,-1,30.24,-2.21,59.17
146944,443595932,71.50,52.19,-21.93,-43.68,56.61,-0.71,-0.40,-1,6.06,-2.67,33.59
146944,444511435,162.46,-18.27,28.24,158.94,33.63,2.26,2.15,1,11.04,-0.46,37.16
146944,444952411,214.20,-37.05,12.93,-210.58,39.24,-2.38,2.81,1,11.02,-2.02,27.69
146944,445903853,135.80,-6.57,-25.71,133.18,26.54,2.32,-1.82,-1,11.26,2.43,29.37
146944,446365877,37.72,-1.68,-37.67,0.98,37.70,0.03,-1.62,1,38.43,1.69,75.87
146944,446607829,49.03,24.19,35.49,23.65,42.95,0.53,0.97,1,42.93,-2.12,85.85
146944,445887816,59.40,13.16,41.17,-40.75,43.22,-0.84,1.26,-1,46.58,-2.17,88.79
146944,446160089,64.71,-61.33,-20.62,0.96,64.71,0.01,-2.82,-1,13.34,-0.23,56.48
146944,446596708,148.70,27.67,29.40,-143.12,40.37,-1.98,0.82,1,22.24,-1.68,56.83
146944,119146054,41.82,35.85,21.28,3.30,41.69,0.08,0.54,-1,40.12,-2.39,81.34
146944,118232720,153.80,5.07,-25.43,-151.60,25.93,-2.47,-1.37,-1,4.84,0.92,20.41
146944,129825388,45.10,39.70,-17.78,11.91,43.50,0.27,-0.42,-1,35.57,3.03,77.75
146944,130150965,302.00,242.52,-105.53,-145.78,264.49,-0.53,-0.41,1,39.95,0.77,114.48
146944,130593477,85.70,7.16,25.29,-81.57,26.28,-1.85,1.29,1,8.03,0.73,8.06
146944,130462399,180.99,31.91,10.09,177.86,33.47,2.37,0.31,1,8.95,-0.36,11.32
146944,129898472,50.06,49.87,1.04,4.19,49.88,0.08,0.02,1,30.08,2.92,76.92
146944,130516960,33.83,-3.73,33.59,-1.47,33.80,-0.04,1.68,-1,32.92,-1.53,66.67
146944,130049201,121.39,10.17,35.81,115.55,37.22,1.85,1.29,1,41.86,-1.96,78.81
146944,133334125,72.41,8.27,24.87,67.50,26.21,1.67,1.25,-1,32.80,-1.86,58.63
146944,133004246,162.95,-6.07,30.00,160.05,30.61,2.36,1.77,1,9.92,-2.57,28.80
146944,133459599,103.67,33.39,-2.16,98.13,33.46,1.80,-0.06,1,27.08,-2.85,59.24
146944,133719983,264.66,13.01,41.96,260.99,43.93,2.48,1.27,1,2.96,-0.35,16.51
146944,133930631,73.03,27.82,-20.37,64.38,34.48,1.38,-0.63,-1,7.96,-0.89,4.24
146944,134146551,260.81,17.99,-39.89,-257.12,43.76,-2.47,-1.15,-1,5.74,-0.31,12.93
146944,133449232,73.44,-28.70,26.99,-61.99,39.39,-1.23,2.39,-1,26.72,-0.60,64.69
146944,133474136,71.74,-10.04,-25.17,66.43,27.09,1.63,-1.95,-1,23.53,0.95,50.13
146944,133700120,52.16,24.33,36.22,28.58,43.63,0.62,0.98,1,42.60,-2.20,86.21
146944,133163314,59.65,-18.99,-25.55,-50.45,31.83,-1.24,-2.21,-1,28.93,0.97,60.68
146944,139984297,103.91,23.18,18.40,99.61,29.59,1.93,0.67,-1,7.45,2.93,26.88
146944,139091980,41.06,29.87,-20.80,-18.99,36.40,-0.50,-0.61,1,40.22,2.29,75.98
146944,139533300,51.79,26.03,-5.42,44.44,26.59,1.29,-0.21,1,30.67,2.14,52.68
146944,140108676,60.52,11.31,32.08,50.05,34.01,1.18,1.23,1,41.67,-1.86,75.27
146944,140080941,44.70,27.39,-11.00,33.57,29.52,0.98,-0.38,-1,9.84,2.54,33.88
146944,139591470,194.82,13.88,50.49,-187.65,52.36,-1.99,1.30,1,20.00,-2.00,64.51
146944,139072184,98.87,4.56,24.98,-95.55,25.39,-2.04,1.39,1,7.51,1.96,7.81
146944,140664090,73.99,39.66,-29.78,54.90,49.60,0.96,-0.64,1,32.25,2.51,79.99
146944,141100242,44.08,-28.27,-9.98,32.32,29.98,0.94,-2.80,1,17.54,-0.77,38.94
146944,141373194,78.20,-25.16,41.06,61.61,48.16,1.07,2.12,-1,27.91,-0.94,73.27
146944,140618851,125.19,23.29,-12.48,-122.37,26.42,-2.24,-0.49,-1,7.71,-1.79,17.24
146944,140426460,119.37,-26.24,17.42,-115.14,31.49,-2.01,2.56,-1,22.54,-0.59,53.28
146944,140216126,196.53,-24.67,34.50,191.90,42.42,2.21,2.19,1,28.90,-1.03,69.97
146944,141328094,158.55,34.35,-20.30,153.44,39.90,2.06,-0.53,1,40.88,-3.06,76.98
146944,140366551,257.83,-11.81,42.70,254.00,44.30,2.45,1.84,-1,31.43,3.10,44.06
146944,140685719,165.31,-10.68,26.51,-162.82,28.58,-2.44,1.95,1,21.05,-1.13,49.03
146944,141933955,55.78,-11.97,26.93,-47.36,29.47,-1.25,1.99,-1,36.37,-0.47,61.72
146944,142532740,26.69,25.30,-7.88,-3.16,26.50,-0.12,-0.30,-1,14.33,2.36,37.87
146944,141761133,135.51,-24.35,-7.83,133.07,25.58,2.35,-2.83,-1,26.06,-0.06,50.75
146944,142471053,57.76,25.26,-4.30,51.76,25.62,1.45,-0.17,-1,12.64,-2.01,28.64
146944,142715334,40.77,-1.54,-27.71,29.87,27.75,0.93,-1.63,-1,13.77,2.86,30.58
146944,141765864,49.16,23.37,27.85,33.10,36.35,0.82,0.87,1,20.66,-2.06,54.53
146944,143174340,124.84,-9.45,25.89,-121.76,27.56,-2.19,1.92,1,4.59,-0.39,20.57
146944,144296965,44.33,26.68,1.68,35.37,26.73,1.09,0.06,-1,4.07,1.55,14.14
146944,143928422,54.20,-30.48,-25.26,-37.02,39.59,-0.83,-2.45,-1,35.26,0.51,74.41
146944,585721067,59.58,30.97,-15.02,48.63,34.42,1.15,-0.45,1,33.40,2.81,67.68
146944,585014661,141.07,65.32,-44.33,-116.92,78.94,-1.18,-0.60,-1,20.35,-1.30,27.47
146944,585708245,105.42,17.08,-30.00,-99.61,34.52,-1.78,-1.05,1,25.42,2.04,59.23
146944,585964400,111.03,-17.69,24.06,-106.94,29.86,-1.99,2.20,-1,50.04,-1.46,74.64
146944,111544334,135.74,21.07,17.06,133.01,27.11,2.29,0.68,-1,4.00,-0.82,14.20
146944,110540023,116.64,-29.84,15.32,111.72,33.55,1.92,2.67,1,22.88,-0.22,54.94
146944,110821727,80.08,21.47,-14.25,75.82,25.77,1.80,-0.59,1,11.37,0.11,11.64
146944,110202776,48.39,1.75,-41.08,-25.51,41.12,-0.59,-1.53,1,35.07,1.58,75.93
146944,110219440,33.81,-30.77,-1.78,-13.90,30.82,-0.44,-3.08,-1,7.12,1.76,19.54
146944,110981640,44.83,40.56,6.63,17.89,41.10,0.42,0.16,1,35.92,2.52,71.09
146944,111147144,79.64,-17.66,32.05,-70.74,36.59,-1.41,2.07,-1,25.97,-1.24,61.43
146944,110837657,109.29,-8.91,25.62,105.87,27.13,2.07,1.91,1,24.35,-1.36,51.31
146944,111315810,147.93,-22.20,-13.15,145.67,25.80,2.43,-2.61,-1,7.39,-2.04,7.78
146944,111397594,39.85,35.77,13.65,11.04,38.29,0.28,0.36,1,45.46,-2.87,83.35
146944,110648643,167.15,-26.43,17.57,164.11,31.73,2.35,2.55,1,8.50,-0.22,32.29
146944,110193845,35.32,-28.86,1.43,20.31,28.90,0.66,3.09,1,16.84,0.37,43.17
146944,110384661,72.68,-17.30,-27.96,-64.82,32.88,-1.43,-2.12,-1,15.82,-2.16,0.79
146944,112932121,46.91,43.73,5.29,16.15,44.05,0.36,0.12,1,34.70,-2.84,77.87
146944,112324546,87.70,-4.67,-29.14,-82.59,29.52,-1.75,-1.73,1,26.12,1.31,55.47
146944,112536826,150.91,-20.90,-15.55,148.65,26.05,2.44,-2.50,1,5.54,1.08,23.44
146944,112559024,34.42,-27.95,17.55,9.79,33.00,0.29,2.58,-1,37.62,-0.82,69.90
146944,113218394,125.22,11.17,-29.71,121.12,31.74,2.05,-1.21,1,33.20,1.88,64.91
146944,113369154,259.31,-40.47,-16.58,-255.59,43.73,-2.47,-2.75,1,4.68,0.50,28.56
146944,113482546,149.36,-8.51,24.81,-147.04,26.23,-2.42,1.90,-1,8.88,-1.53,30.20
146944,114351530,110.52,21.17,17.92,-106.98,27.74,-2.06,0.70,1,13.14,-3.10,36.10
146944,113693636,29.75,-19.88,21.78,-3.97,29.48,-0.13,2.31,-1,9.56,-0.10,31.37
146944,114337356,56.92,25.06,26.16,43.90,36.23,1.02,0.81,1,22.56,-2.56,56.83
146944,113667533,256.98,-16.86,-39.82,253.32,43.24,2.47,-1.97,-1,3.14,-0.43,16.28
146944,113737765,176.32,-30.87,8.81,173.37,32.10,2.39,2.86,1,7.41,-1.72,23.13
146944,114160565,41.38,24.06,-32.96,6.84,40.81,0.17,-0.94,1,42.20,2.14,82.96
146944,114185927,46.49,37.24,-5.56,27.28,37.65,0.67,-0.15,-1,37.19,2.97,74.83
146944,115368700,284.04,43.77,24.01,279.62,49.92,2.42,0.50,1,13.99,-2.05,50.59
146944,115696125,29.89,-19.63,15.85,16.02,25.23,0.60,2.46,-1,36.89,-1.03,60.06
146944,115030836,153.26,-9.30,-25.12,150.90,26.79,2.43,-1.93,-1,11.81,1.44,35.36
146944,115329268,85.55,-27.17,2.92,81.06,27.32,1.81,3.03,1,7.20,-1.07,24.88
146944,116130777,90.58,57.86,-6.14,69.42,58.18,1.01,-0.11,1,44.20,-2.01,82.60
146944,114799383,61.00,17.77,28.95,-50.67,33.97,-1.19,1.02,1,47.79,-2.32,80.19
146944,114835632,78.93,24.82,39.92,-63.41,47.01,-1.11,1.01,-1,32.87,-1.81,77.65
146944,116829005,45.15,-27.06,24.04,26.99,36.20,0.69,2.42,1,40.00,-0.70,76.10
146944,117054086,27.05,23.77,-11.57,-5.71,26.43,-0.21,-0.45,-1,58.34,2.70,78.54
146944,117618710,138.25,-31.31,25.69,-132.18,40.50,-1.90,2.45,-1,36.71,-0.77,77.05
146944,116418487,94.99,-26.73,2.43,-91.12,26.84,-1.94,3.05,1,21.66,-2.30,21.75
146944,116735001,45.35,27.85,-25.76,-24.85,37.94,-0.62,-0.75,1,33.26,2.44,71.03
146944,116357323,144.14,1.18,-43.96,137.27,43.97,1.86,-1.54,-1,31.20,1.21,72.66
146944,119961598,137.38,15.76,-23.23,134.48,28.07,2.27,-0.97,1,2.79,2.78,16.88
146944,120218778,62.71,-8.23,59.54,17.85,60.11,0.29,1.71,-1,31.29,-1.65,86.23
146944,120063052,54.28,-49.15,4.07,22.69,49.32,0.45,3.06,1,7.26,-0.77,35.62
146944,120242788,27.21,-13.93,22.73,-5.46,26.66,-0.20,2.12,1,27.06,-0.70,53.02
146944,119805833,139.27,-23.88,17.17,-136.13,29.41,-2.24,2.52,-1,11.64,-0.68,36.99
146944,121159304,57.25,-32.91,4.45,46.63,33.21,1.14,3.01,-1,34.43,1.07,55.69
146944,120706369,46.77,42.65,-14.68,-12.38,45.10,-0.27,-0.33,1,39.00,2.75,83.84
146944,121823409,238.72,14.62,62.38,229.96,64.07,1.99,1.34,-1,27.92,0.54,33.13
146944,121251074,61.79,-29.74,-2.63,-54.10,29.85,-1.36,-3.05,-1,10.03,-1.20,27.71
146944,121319779,30.23,-8.33,-24.98,-14.85,26.33,-0.54,-1.89,-1,12.55,1.96,34.06
146944,121900828,59.89,17.52,23.26,52.34,29.12,1.35,0.93,-1,6.25,-2.28,26.97
146944,122216569,70.49,32.52,2.06,62.51,32.58,1.41,0.06,-1,23.08,3.10,54.77
146944,122852131,57.10,35.46,22.79,38.52,42.15,0.82,0.57,-1,21.62,-2.89,59.62
146944,123164476,51.22,26.42,-39.31,19.52,47.36,0.40,-0.98,-1,11.89,-3.10,41.39
146944,122220918,118.30,-13.51,21.85,-115.47,25.69,-2.21,2.12,-1,4.74,-1.91,19.93
146944,122673967,31.77,-22.47,21.58,6.20,31.16,0.20,2.38,-1,55.96,-1.04,82.73
146944,124896481,31.83,15.50,22.98,15.66,27.72,0.54,0.98,1,24.57,-2.19,52.18
146944,124151779,98.79,-42.06,-31.38,-83.71,52.48,-1.25,-2.50,1,44.66,0.04,92.52
146944,124406763,98.57,-5.92,-28.47,-94.18,29.08,-1.89,-1.78,-1,27.97,1.16,56.74
146944,124848131,123.48,13.74,40.84,-115.72,43.09,-1.71,1.25,-1,36.21,-1.92,78.99
146944,123879228,206.91,-16.81,-30.95,203.89,35.22,2.46,-2.07,1,44.51,1.34,78.51
146944,125186428,96.06,-41.74,23.60,83.23,47.95,1.32,2.63,1,38.56,-0.16,84.65
146944,124024285,109.38,11.59,35.77,102.72,37.60,1.73,1.26,1,7.91,-1.13,32.03
146944,128530772,54.62,11.03,25.20,-47.18,27.51,-1.31,1.16,1,9.06,-3.04,27.28
146944,128492247,80.93,-17.81,-21.18,-76.05,27.68,-1.74,-2.27,1,23.92,0.96,51.42
146944,129063136,52.72,-23.66,13.18,45.23,27.09,1.29,2.63,-1,43.94,-0.17,68.01
146944,128474034,40.61,-34.65,7.03,-19.98,35.36,-0.54,2.94,-1,36.22,-0.15,71.55
146944,132257484,59.62,16.30,25.71,51.27,30.44,1.29,1.01,1,21.00,-2.66,48.83
146944,131726349,38.33,-3.49,28.38,-25.53,28.59,-0.80,1.69,1,55.53,-1.23,79.20
146944,132287013,143.52,-1.70,26.02,141.13,26.07,2.39,1.64,1,8.25,-1.30,29.19
146944,131338248,105.30,27.83,-8.12,101.23,28.99,1.96,-0.28,1,7.76,-0.04,3.61
146944,132280034,116.34,25.30,8.15,113.26,26.58,2.16,0.31,1,4.19,-2.57,20.93
146944,134932518,51.27,-31.62,-15.36,-37.32,35.15,-0.92,-2.69,1,39.12,0.41,74.15
146944,135385896,105.03,-15.47,24.58,100.93,29.05,1.96,2.13,1,5.40,0.81,15.39
146944,134621354,53.51,18.43,-35.41,35.63,39.92,0.80,-1.09,1,16.77,-0.57,13.43
146944,135748346,71.37,-21.81,31.65,60.13,38.44,1.23,2.17,-1,4.09,0.93,14.62
146944,145689764,194.78,-12.76,-30.44,191.96,33.01,2.46,-1.97,1,16.18,1.02,46.08
146944,146015751,41.68,-25.55,-10.80,-31.11,27.74,-0.96,-2.74,1,29.32,0.65,56.58
146944,145107936,74.31,6.37,-24.23,69.96,25.06,1.75,-1.31,1,37.61,1.92,61.33
146944,155889666,196.74,-23.13,-25.44,-193.71,34.38,-2.43,-2.31,1,24.11,1.06,57.20
146944,156551466,109.70,21.19,22.86,105.18,31.17,1.93,0.82,1,11.80,-1.85,37.32
146944,156249821,51.42,-20.71,-19.33,42.91,28.33,1.20,-2.39,1,17.86,0.68,44.96
146944,155213230,217.16,-27.80,33.61,212.73,43.62,2.29,2.26,1,2.07,-1.28,18.60
146944,156337222,158.80,20.87,25.97,-155.27,33.32,-2.24,0.89,1,7.50,0.58,4.88
146944,155455631,44.17,1.58,38.04,-22.40,38.07,-0.56,1.53,1,30.53,-1.51,68.09
146944,155762440,48.43,33.10,34.03,9.57,47.47,0.20,0.80,-1,43.67,-2.42,90.98
146944,162523811,301.80,-46.36,21.37,297.45,51.05,2.46,2.71,-1,20.28,-2.84,23.19
146944,162484732,49.10,-17.09,-32.58,32.52,36.79,0.80,-2.05,-1,20.33,1.83,50.97
146944,162562868,139.56,-7.90,-68.82,-121.15,69.27,-1.33,-1.69,-1,9.32,-0.25,33.51
146944,162293093,186.04,28.82,14.56,183.22,32.29,2.44,0.47,-1,6.56,-2.96,28.80
146944,161237231,27.19,-27.09,-1.11,2.00,27.11,0.07,-3.10,1,12.88,0.57,36.07
146944,161211816,39.09,-39.07,-1.04,0.73,39.09,0.02,-3.11,1,41.05,-0.00,80.10
146944,162271073,52.44,32.50,-31.10,-26.96,44.98,-0.57,-0.76,1,27.68,1.76,67.20
146944,162157370,58.72,26.59,-26.25,45.30,37.36,1.02,-0.78,1,34.57,2.47,71.77
146944,166253307,39.81,-27.11,8.12,-28.00,28.30,-0.87,2.85,1,58.96,-1.13,74.60
146944,166421523,63.21,24.23,17.50,-55.69,29.89,-1.38,0.63,1,11.96,1.12,9.22
146944,187863806,79.74,-22.12,20.42,73.84,30.11,1.63,2.40,1,49.15,-0.90,76.72
146944,189162466,36.58,-31.88,16.75,6.44,36.01,0.18,2.66,-1,40.84,-0.54,76.67
146944,196181158,42.97,-42.06,-4.22,-7.75,42.27,-0.18,-3.04,1,16.76,1.01,47.76
146944,195420375,171.01,17.81,33.24,-166.80,37.71,-2.19,1.08,1,8.68,-2.44,35.55
146944,195676305,43.13,23.84,-8.37,-34.96,25.26,-1.13,-0.34,-1,25.30,2.54,50.13
146944,196382906,492.94,127.77,48.45,473.62,136.65,1.96,0.36,1,34.14,-2.85,136.51
146944,196451506,78.43,-28.53,-6.36,-72.78,29.23,-1.64,-2.92,1,18.71,0.33,46.70
146944,195821027,51.11,-17.90,33.36,-34.33,37.86,-0.81,2.06,-1,35.76,-1.16,73.53
146944,202872157,27.55,9.19,-25.08,6.75,26.71,0.25,-1.22,1,26.68,2.03,53.31
146944,202998680,66.33,-21.59,-32.04,53.91,38.64,1.14,-2.16,1,7.80,-0.98,19.31
146944,203698784,49.78,25.92,3.24,-42.38,26.12,-1.26,0.12,-1,23.12,-2.93,49.10
146944,203283410,39.62,-21.55,-18.69,27.49,28.53,0.86,-2.43,1,4.33,-2.17,2.85
146944,206257876,226.76,14.43,36.63,-223.32,39.37,-2.44,1.20,1,32.68,-1.78,71.48
146944,206874276,104.89,4.79,-35.15,98.71,35.48,1.75,-1.44,1,32.24,1.64,67.60
146944,206698974,191.75,30.15,11.72,-189.00,32.35,-2.47,0.37,-1,8.64,2.98,32.26
146944,206733119,50.26,-8.32,-40.22,28.96,41.07,0.66,-1.77,-1,29.26,1.06,68.51
146944,206781695,140.93,-20.58,31.65,135.78,37.75,1.99,2.15,-1,6.75,0.08,27.44
146944,210386870,35.97,-19.27,29.12,-8.64,34.92,-0.24,2.16,1,56.04,-1.89,79.67
146944,210544854,136.62,-41.01,-19.42,128.86,45.37,1.77,-2.70,1,23.00,0.20,64.15
146944,209871288,46.23,-26.91,-12.15,-35.57,29.53,-1.02,-2.72,1,31.02,0.42,60.53
146944,210318337,43.07,2.78,-27.37,33.14,27.51,1.02,-1.47,-1,27.90,2.19,53.53
146944,210267730,79.23,-12.46,-38.11,68.34,40.09,1.30,-1.89,-1,35.39,1.15,75.23
146944,210606274,51.85,-5.68,-31.51,-40.78,32.01,-1.06,-1.75,1,22.80,1.42,54.02
146944,210795650,44.03,-17.38,-27.71,29.48,32.71,0.81,-2.13,-1,4.65,2.41,18.83
146944,210849180,39.92,13.75,37.22,4.39,39.68,0.11,1.22,-1,41.25,-1.90,80.90
146944,210886604,167.34,-25.98,-15.94,164.54,30.48,2.39,-2.59,-1,14.35,-2.91,6.56
146944,210524661,53.94,-13.02,-26.76,-44.98,29.76,-1.20,-2.02,1,25.84,0.69,54.20
146944,216809175,202.59,-5.57,-32.91,199.82,33.38,2.49,-1.74,1,17.44,-0.52,27.69
146944,216732313,41.94,9.61,-33.19,23.78,34.55,0.64,-1.29,1,46.55,1.23,76.30
146944,215933963,91.04,20.35,22.01,85.96,29.98,1.78,0.82,-1,15.00,-2.76,41.37
146944,216082908,128.60,-22.98,33.82,121.93,40.89,1.81,2.17,-1,6.82,0.16,28.15
146944,217999975,134.15,17.18,-23.86,-130.89,29.40,-2.20,-0.95,1,45.01,2.36,72.51
146944,217908185,46.76,-28.29,-0.60,37.23,28.30,1.09,-3.12,1,34.75,-0.24,62.18
146944,222423326,86.75,6.15,-30.33,81.05,30.95,1.69,-1.37,-1,71.00,0.03,60.48
146944,222926223,32.03,-19.44,-25.39,1.80,31.98,0.06,-2.22,1,26.71,0.68,58.06
146944,221700088,33.21,31.84,-8.82,3.37,33.03,0.10,-0.27,1,26.56,2.81,59.21
146944,221878744,70.10,-5.70,-34.98,60.49,35.44,1.30,-1.73,-1,45.28,1.22,79.77
146944,222002352,54.09,28.48,-2.00,-45.94,28.55,-1.25,-0.07,-1,15.01,3.10,41.40
146944,222291914,122.04,-11.23,23.96,119.14,26.46,2.21,2.01,-1,5.43,-0.25,21.66
146944,223071738,71.05,-50.98,24.30,-43.11,56.47,-0.70,2.70,-1,126.65,1.77,75.97
146944,222086763,147.51,16.13,27.71,-143.98,32.06,-2.21,1.04,1,13.83,2.06,20.56
146944,222109229,47.38,-20.09,-19.90,38.02,28.28,1.11,-2.36,-1,7.27,-0.25,24.93
146944,233788750,59.78,-23.66,19.03,51.49,30.36,1.30,2.46,1,3.47,-0.81,20.48
146944,234732310,31.60,15.62,-23.59,14.07,28.30,0.48,-0.99,1,7.93,2.54,29.41
146944,235389856,108.34,31.92,-20.24,-101.53,37.80,-1.71,-0.57,-1,30.21,2.41,67.34
146944,235815008,26.85,11.63,22.18,9.69,25.04,0.38,1.09,-1,35.34,-2.04,59.49
146944,235850106,42.80,4.07,-27.38,-32.64,27.68,-1.00,-1.42,-1,7.80,-2.76,18.26
146944,234820830,50.21,14.35,32.35,35.62,35.38,0.89,1.15,1,41.04,-1.43,73.26
146944,235189262,39.68,18.00,19.16,-29.73,26.29,-0.97,0.82,1,32.07,-2.17,57.90
146944,235520278,38.11,24.99,27.27,-9.18,36.99,-0.25,0.83,-1,29.33,-2.13,65.60
146944,240611096,123.23,-1.98,-32.93,-118.73,32.99,-1.99,-1.63,1,29.84,1.54,62.74
146944,239385929,52.96,29.09,-44.12,3.42,52.85,0.06,-0.99,-1,8.98,2.56,42.69
146944,239222618,97.54,27.00,3.89,-93.65,27.28,-1.95,0.14,-1,6.05,-0.70,10.49
146944,239262986,193.96,21.67,30.33,-190.35,37.28,-2.33,0.95,1,29.97,-1.94,66.33
146944,239647602,61.92,32.72,5.44,-52.29,33.17,-1.24,0.16,1,31.70,-2.97,64.85
146944,239466715,90.20,10.55,-42.56,78.83,43.85,1.35,-1.33,1,30.66,1.88,73.29
146944,239951883,34.33,27.30,5.31,20.12,27.81,0.67,0.19,-1,9.83,2.73,31.59
146944,240072523,244.51,-11.77,38.60,-241.16,40.35,-2.49,1.87,-1,20.91,-0.96,57.38
146944,240360620,128.31,21.88,22.33,-124.44,31.26,-2.09,0.80,1,28.68,-2.32,59.88
146944,239592245,311.94,56.70,-6.95,-306.67,57.13,-2.38,-0.12,1,37.86,2.68,91.69
146944,239783055,58.36,27.54,-7.81,-50.86,28.62,-1.34,-0.28,1,11.33,2.18,33.92
146944,242892496,74.35,9.66,26.38,68.84,28.09,1.63,1.22,-1,20.13,-1.84,47.51
146944,243277841,30.36,-15.08,21.84,-14.74,26.55,-0.53,2.18,-1,8.57,-1.61,28.61
146944,242818466,72.18,31.07,-23.13,-60.90,38.74,-1.23,-0.64,1,34.63,2.59,73.18
146944,243262994,118.39,16.58,23.20,-114.91,28.51,-2.10,0.95,-1,20.07,-2.34,47.72
146944,242572580,217.96,-10.01,37.87,-214.42,39.17,-2.40,1.83,-1,3.66,-2.67,18.62
146944,243392644,55.74,-38.07,-8.10,39.90,38.92,0.90,-2.93,1,38.06,0.10,76.86
146944,242589117,271.99,-32.19,-33.40,-268.00,46.39,-2.45,-2.34,-1,33.25,-2.10,9.14
146944,207063316,133.25,35.30,-8.91,128.18,36.40,1.97,-0.25,-1,32.05,2.93,68.31
146944,207319054,44.49,16.24,28.30,-30.24,32.63,-0.83,1.05,1,16.84,-2.40,46.34
146944,206928399,153.13,13.06,-21.98,-150.98,25.56,-2.48,-1.03,-1,23.09,2.27,48.43
146944,207316855,33.43,-18.15,-25.06,-12.66,30.94,-0.40,-2.20,-1,22.44,1.48,50.85
146944,207851362,36.22,-24.38,-12.41,-23.73,27.36,-0.78,-2.67,1,26.52,0.24,53.50
146944,208223322,192.78,-22.20,26.57,189.64,34.63,2.40,2.27,-1,11.87,-0.74,40.45
146944,207058976,46.49,-13.09,40.03,-19.69,42.12,-0.45,1.89,1,32.59,-1.45,73.74
146944,208272700,68.12,-15.15,22.83,-62.37,27.40,-1.56,2.16,-1,30.96,-1.02,58.24
146944,209118430,43.89,26.87,-8.14,33.73,28.07,1.02,-0.29,1,30.96,2.88,58.96
146944,209432703,77.29,-5.31,-26.93,72.26,27.45,1.70,-1.77,1,31.81,1.37,59.10
146944,208508856,204.24,58.90,-2.55,-195.55,58.96,-1.91,-0.04,1,24.59,-1.69,55.98
146944,208512737,112.78,34.43,9.11,107.01,35.61,1.82,0.26,1,30.90,-2.80,66.29
146944,209005266,95.73,-37.54,-5.31,87.91,37.91,1.58,-3.00,-1,41.42,0.18,79.23
146944,209664418,137.20,-1.33,-25.23,134.85,25.27,2.38,-1.62,-1,6.81,1.37,26.15
146944,208459525,193.58,25.53,38.99,-187.89,46.61,-2.10,0.99,-1,22.62,-2.29,64.80
146944,208971917,43.32,10.11,-31.40,-28.08,32.99,-0.77,-1.26,-1,55.18,3.08,70.39
146944,211575679,44.71,-7.54,33.44,-28.69,34.28,-0.76,1.79,1,32.07,-1.35,66.32
146944,211680351,145.26,-30.64,-1.20,-141.99,30.67,-2.24,-3.10,-1,34.45,0.06,65.00
146944,212636615,57.33,-9.14,25.11,50.72,26.73,1.40,1.92,1,1.87,-2.89,9.49
146944,211321793,222.78,39.41,-19.57,-218.39,44.00,-2.31,-0.46,-1,46.59,2.82,90.35
146944,211546273,41.16,-4.82,-37.27,16.79,37.58,0.43,-1.70,-1,38.30,1.38,75.84
146944,212316249,94.67,-49.75,14.02,79.31,51.69,1.21,2.87,-1,5.63,0.00,33.81
146944,212254010,99.92,-22.36,13.65,-96.42,26.19,-2.01,2.59,-1,19.11,-0.64,44.71
146944,211409019,190.04,-33.53,10.23,186.78,35.05,2.37,2.85,1,9.65,1.12,27.94
146944,213566918,46.61,-23.83,-9.33,38.95,25.59,1.21,-2.77,1,17.91,-0.67,37.08
146944,213894343,67.16,-29.82,35.60,-48.52,46.44,-0.91,2.27,1,25.29,-0.98,68.45
146944,213373168,152.86,-12.85,23.87,150.44,27.11,2.41,2.06,1,7.84,3.00,13.13
146944,213561776,160.30,-16.73,-23.22,157.73,28.62,2.41,-2.20,1,6.56,0.40,26.38
146944,212765897,88.82,-59.91,-24.74,60.73,64.81,0.84,-2.75,-1,54.86,0.46,119.19
146944,214232938,36.57,-35.36,-4.02,8.41,35.59,0.23,-3.03,1,25.18,-1.57,39.90
146944,212863083,57.98,-25.02,-28.10,44.11,37.62,1.00,-2.30,1,35.23,0.87,72.81
146944,213317013,110.14,16.28,21.32,-106.82,26.83,-2.09,0.92,1,3.96,0.59,3.35
146944,299642356,163.11,20.59,19.87,160.58,28.62,2.43,0.77,1,10.65,-1.18,28.92
146944,301991840,37.79,-26.00,18.30,20.42,31.80,0.60,2.53,1,33.72,-0.97,64.47
146944,301979121,43.72,15.53,-36.01,-19.33,39.22,-0.47,-1.16,1,6.71,-1.03,2.18
146944,302630137,34.18,15.57,-25.72,-16.26,30.07,-0.52,-1.03,1,29.10,2.24,59.04
146944,302469922,62.78,23.46,-20.93,-54.34,31.43,-1.32,-0.73,-1,38.46,2.29,69.41
146944,302580626,211.42,34.28,-15.74,-208.03,37.72,-2.41,-0.43,1,17.73,2.79,51.69
146944,302822347,50.64,-22.56,-21.63,-39.85,31.25,-1.06,-2.38,-1,17.85,1.34,45.28
146944,302396300,30.14,-16.03,-21.32,14.04,26.67,0.50,-2.22,-1,9.21,-1.55,10.21
146944,304068309,33.17,-1.93,30.49,-12.91,30.56,-0.41,1.63,1,30.63,-1.93,59.84
146944,303909438,45.61,-30.88,24.20,23.26,39.23,0.56,2.48,-1,36.27,-0.27,73.95
146944,303531735,51.25,-17.46,-25.26,-41.03,30.71,-1.10,-2.18,-1,35.62,0.73,65.69
146944,303600055,77.81,-25.94,-11.40,-72.47,28.33,-1.67,-2.73,-1,35.77,0.32,63.60
146944,304012138,28.66,25.19,7.93,-11.12,26.41,-0.41,0.30,1,24.93,-2.98,51.19
146944,303890036,28.51,25.60,-2.76,12.26,25.75,0.46,-0.11,1,35.00,2.86,59.80
146944,392404425,65.31,35.60,-11.36,53.57,37.37,1.16,-0.31,1,39.48,2.78,76.79
146944,392036826,154.21,48.13,-11.20,146.08,49.42,1.80,-0.23,1,4.82,-1.01,11.82
146944,392494714,64.39,-19.21,23.24,-56.90,30.15,-1.39,2.26,-1,53.31,-1.24,78.91
146944,392471827,38.78,-25.35,26.11,-13.41,36.39,-0.36,2.34,-1,36.32,-0.45,71.61
146944,392612091,84.74,57.10,5.02,-62.41,57.32,-0.94,0.09,1,41.90,-2.91,97.77
146944,391783557,46.01,20.59,31.92,25.96,37.98,0.64,1.00,1,17.23,-1.66,49.68
146944,392360414,71.59,9.64,23.54,-66.91,25.44,-1.69,1.18,-1,11.15,2.38,19.00
146944,392334855,62.74,-38.49,3.35,49.43,38.64,1.07,3.05,-1,37.17,-0.08,75.79
146944,393686426,133.62,27.25,-2.27,-130.79,27.34,-2.27,-0.08,1,7.48,-0.23,2.16
146944,393339212,71.26,20.89,-25.80,-63.06,33.19,-1.40,-0.89,-1,46.51,-3.13,70.79
146944,401199406,177.04,34.57,20.74,-172.39,40.31,-2.16,0.54,-1,21.89,-2.85,58.94
146944,400612841,93.55,54.38,31.88,69.11,63.04,0.95,0.53,-1,39.72,2.92,93.08
146944,402443966,206.58,-41.71,-20.48,201.29,46.46,2.17,-2.69,1,26.51,0.57,70.09
146944,402703663,44.76,-40.50,-2.82,-18.84,40.60,-0.45,-3.07,1,38.85,0.04,79.42
146944,402349280,50.52,-36.59,-8.93,33.66,37.67,0.80,-2.90,-1,37.43,0.32,75.04
146944,401856729,184.85,9.49,-29.32,182.27,30.81,2.48,-1.26,-1,3.75,1.07,19.74
146944,402645434,57.09,-42.66,12.11,35.94,44.35,0.74,2.87,-1,40.41,-0.42,84.45
146944,403356477,40.30,21.44,-21.07,-26.85,30.06,-0.80,-0.78,1,25.33,2.65,54.64
146944,403728157,106.17,-20.50,23.15,-101.57,30.92,-1.90,2.30,1,35.06,-0.83,65.85
146944,403283631,28.68,19.17,19.84,7.85,27.59,0.28,0.80,1,35.89,-2.26,62.89
146944,402999642,29.37,-21.14,14.65,14.17,25.72,0.53,2.54,1,27.67,-0.79,53.14
146944,405078350,172.09,-27.56,-11.87,-169.45,30.01,-2.43,-2.73,1,28.69,0.72,57.95
146944,405167374,164.43,-31.00,2.49,-161.47,31.10,-2.35,3.06,1,22.22,0.10,52.37
146944,405128273,48.69,36.65,30.07,11.12,47.40,0.23,0.69,1,58.56,-2.41,105.35
146944,405271537,38.67,12.91,36.44,-0.78,38.66,-0.02,1.23,1,38.06,-2.29,75.35
146944,405365076,62.56,-7.68,40.27,47.25,40.99,0.99,1.76,1,50.61,-1.24,90.87
146944,415041745,104.46,-23.14,-13.78,-100.93,26.93,-2.03,-2.60,1,24.85,0.24,51.15
146944,415393724,44.83,24.21,36.87,-8.01,44.11,-0.18,0.99,1,46.94,-2.06,90.90
146944,415424565,52.55,38.12,14.55,-33.12,40.80,-0.74,0.36,-1,52.62,-2.97,92.25
146944,415483631,57.72,20.43,-50.65,18.66,54.62,0.34,-1.19,-1,55.70,2.03,110.23
146944,416497095,132.06,21.67,12.90,-129.63,25.22,-2.34,0.54,-1,8.96,-2.56,30.06
146944,415404808,81.49,-31.35,23.95,-71.30,39.45,-1.35,2.49,1,21.08,-0.91,57.20
146944,415473041,52.97,-22.48,35.63,32.11,42.13,0.70,2.13,-1,5.62,0.82,18.81
146944,415497769,40.67,-16.77,35.39,-10.98,39.16,-0.28,2.01,1,42.12,-1.14,81.22
146944,419450436,55.72,-15.07,-37.66,-38.20,40.56,-0.84,-1.95,-1,41.78,1.42,81.80
146944,419799196,196.27,-31.98,11.35,-193.32,33.93,-2.44,2.80,-1,29.14,-0.38,62.88
146944,420107950,172.93,20.58,-35.77,167.93,41.27,2.11,-1.05,-1,24.70,2.02,63.81
146944,420604493,50.20,32.90,0.39,37.91,32.90,0.99,0.01,1,26.33,1.80,45.83
146944,419990632,48.00,10.31,31.58,34.64,33.22,0.91,1.26,-1,37.67,-1.68,70.39
146944,419420081,114.82,32.60,18.77,-108.49,37.62,-1.78,0.52,1,26.26,-2.63,62.86
146944,419617865,181.67,-5.01,35.98,178.00,36.32,2.29,1.71,1,38.92,-1.62,74.87
146944,419995841,211.66,1.96,36.47,208.49,36.52,2.44,1.52,1,21.45,-1.70,55.94
146944,420094457,38.30,-28.25,23.29,-11.21,36.62,-0.30,2.45,1,38.18,-0.59,74.69
146944,421115418,66.54,-35.86,-13.36,54.43,38.27,1.15,-2.78,-1,41.37,0.08,78.82
146944,421127236,48.11,35.70,10.02,-30.66,37.08,-0.75,0.27,1,21.47,-2.93,56.40
146944,421721333,50.75,19.77,-22.21,-41.13,29.73,-1.13,-0.84,-1,15.26,-2.34,28.97
146944,421278790,89.27,23.45,-33.93,79.17,41.25,1.41,-0.97,1,42.54,2.33,83.51
146944,421556567,30.82,11.19,-26.16,11.85,28.45,0.41,-1.17,-1,13.04,2.82,35.12
146944,421364160,52.43,18.55,23.37,-43.11,29.84,-1.16,0.90,1,37.41,-2.02,66.43
146944,421607617,180.98,29.22,13.47,178.10,32.18,2.41,0.43,-1,10.74,0.36,1.25
146944,421617697,145.69,-9.04,-37.64,-140.45,38.71,-2.00,-1.81,-1,6.53,-0.15,23.48
146944,104416943,62.73,-4.92,-32.32,53.54,32.69,1.27,-1.72,-1,4.70,1.69,24.57
146944,105116671,206.32,-33.10,18.76,-202.78,38.05,-2.38,2.63,-1,27.48,-0.77,64.14
146944,104488192,46.30,-15.61,24.45,36.09,29.01,1.04,2.14,1,21.11,-0.87,49.38
146944,105056984,120.20,29.28,8.60,-116.26,30.52,-2.05,0.29,1,24.10,-2.89,54.23
146944,104883322,112.55,27.94,-17.50,107.62,32.97,1.90,-0.56,1,27.69,3.08,58.56
146944,104152148,65.61,35.61,-21.07,-50.92,41.38,-1.04,-0.53,1,19.40,-2.29,43.65
146944,104536276,75.69,-50.61,-6.99,55.85,51.09,0.95,-3.00,1,23.23,-1.85,37.50
146944,104673645,222.81,-1.65,38.13,219.52,38.17,2.45,1.61,1,12.00,2.38,16.07
146944,105242117,59.70,26.46,-8.66,-52.82,27.84,-1.40,-0.32,1,33.78,2.79,61.32
146944,151909513,163.54,-17.10,31.42,159.58,35.77,2.20,2.07,1,15.33,-0.40,44.21
146944,151485214,53.54,44.92,-13.55,-25.79,46.92,-0.53,-0.29,-1,20.59,1.07,39.22
146944,150965455,100.19,-22.20,-42.87,87.79,48.28,1.36,-2.05,-1,12.44,2.17,42.09
146944,151823127,191.63,29.39,11.14,-189.04,31.43,-2.49,0.36,1,13.60,0.69,6.81
146944,152734713,112.79,14.11,26.46,108.73,29.99,2.00,1.08,-1,47.13,-2.14,75.12
146944,152779611,34.99,-5.34,-33.14,-9.89,33.56,-0.29,-1.73,1,26.32,1.79,58.41
146944,153141379,30.70,15.01,-25.61,-7.84,29.69,-0.26,-1.04,1,7.79,-0.70,5.10
146944,152676268,82.03,-7.85,-52.83,62.26,53.41,0.99,-1.72,-1,22.22,1.78,67.80
146944,152901463,60.61,26.67,16.63,51.83,31.42,1.27,0.56,1,34.43,-2.71,65.65
146944,152755104,185.16,14.55,40.64,180.06,43.17,2.14,1.23,-1,61.57,-2.38,100.34
146944,171779466,209.43,19.22,31.11,-206.21,36.57,-2.43,1.02,1,23.25,-1.74,57.25
146944,171845787,60.21,31.75,-39.40,32.62,50.60,0.61,-0.89,-1,38.74,2.25,88.55
146944,172000228,69.57,-2.03,-34.86,-60.18,34.92,-1.31,-1.63,-1,13.64,-1.16,10.09
146944,179214587,34.88,-34.26,1.21,-6.44,34.28,-0.19,3.11,-1,32.89,-0.10,67.13
146944,180126597,71.12,21.77,-33.02,-59.11,39.56,-1.19,-0.99,1,12.74,2.16,44.89
146944,185973954,146.97,-29.59,-19.29,142.66,35.32,2.10,-2.56,1,44.92,0.59,79.65
146944,185801259,107.73,-39.21,3.51,-100.28,39.37,-1.66,3.05,-1,34.23,-0.26,73.16
146944,185017006,72.33,-18.87,-33.54,61.24,38.48,1.24,-2.08,-1,30.21,1.11,68.17
146944,185289511,191.06,36.60,41.70,182.83,55.48,1.91,0.85,1,41.48,-1.39,86.31
146944,185739599,74.41,26.19,-8.65,-69.11,27.58,-1.65,-0.32,-1,34.43,2.93,61.54
146944,185420880,26.45,25.63,-1.23,-6.44,25.66,-0.25,-0.05,1,25.66,2.79,50.73
146944,187834825,192.60,13.45,31.61,-189.52,34.35,-2.41,1.17,-1,11.47,-2.55,38.07
146944,188021197,65.86,20.93,15.34,60.53,25.95,1.58,0.63,1,5.75,-0.15,9.29
146944,188554046,77.66,-14.67,-74.25,17.44,75.68,0.23,-1.77,-1,24.45,0.77,82.09
146944,188399343,85.75,40.35,0.64,-75.66,40.35,-1.39,0.02,1,41.98,3.01,82.08
146944,188499351,120.46,-25.33,-7.79,-117.51,26.50,-2.20,-2.84,1,13.88,-1.23,27.64
146944,97119783,209.85,-24.57,-26.30,206.74,36.00,2.45,-2.32,-1,17.90,-2.66,8.55
146944,96499840,37.46,-23.94,-25.76,-12.91,35.17,-0.36,-2.32,1,10.38,0.55,37.86
146944,96771000,56.86,-28.41,8.59,-48.50,29.68,-1.27,2.85,1,31.07,-0.43,60.61
146944,97664736,32.32,28.93,8.40,-11.71,30.12,-0.38,0.28,1,17.13,-2.58,44.99
146944,96831177,265.55,43.74,-8.00,-261.80,44.47,-2.47,-0.18,1,40.84,2.91,85.21
146944,98105241,121.44,30.04,-0.08,117.67,30.04,2.07,-0.00,1,5.26,-0.32,3.95
146944,98721658,82.81,-26.60,-26.42,-73.84,37.49,-1.43,-2.36,-1,6.67,1.21,30.93
146944,99189579,71.79,38.08,-15.04,-58.98,40.94,-1.16,-0.38,-1,35.71,3.03,75.82
146944,98570821,87.71,-17.11,-36.65,77.83,40.45,1.41,-2.01,-1,38.87,1.06,79.25
146944,99404437,136.23,25.15,7.99,-133.65,26.39,-2.32,0.31,-1,6.36,-1.23,18.00
146944,100441655,44.72,-26.95,21.90,-28.18,34.73,-0.74,2.46,-1,42.25,-0.80,76.48
146944,99662817,36.37,29.99,-10.53,-17.68,31.79,-0.53,-0.34,1,35.27,2.95,66.79
146944,100213162,38.60,34.91,16.34,-2.13,38.54,-0.06,0.44,-1,21.86,-3.11,56.87
146944,100121581,46.50,-43.61,3.09,-15.83,43.72,-0.35,3.07,1,39.54,0.52,79.60
146944,101963710,95.10,24.78,-6.92,-91.56,25.73,-1.98,-0.27,-1,31.97,-0.14,3.70
146944,101459032,62.85,20.72,20.24,-55.78,28.97,-1.41,0.77,-1,9.98,-1.45,30.46
146944,101072914,132.54,24.21,-15.59,-129.38,28.79,-2.21,-0.57,-1,1.31,-1.91,7.61
146944,101097402,55.01,-21.20,-35.87,-35.92,41.66,-0.78,-2.10,1,38.23,1.42,78.38
146944,103322398,82.61,0.91,37.32,-73.69,37.33,-1.43,1.55,-1,30.21,-1.49,67.07
146944,103269615,59.27,-50.18,31.53,0.82,59.26,0.01,2.58,1,37.17,-0.50,93.82
146944,102618145,139.76,-26.67,7.34,136.99,27.66,2.30,2.87,1,16.46,-0.34,42.65
146944,103116667,40.02,-4.17,-34.81,-19.29,35.06,-0.53,-1.69,-1,43.50,1.52,78.06
146944,106817913,35.72,3.96,35.43,2.25,35.65,0.06,1.46,-1,31.83,-1.75,67.33
146944,107003585,66.46,-1.67,29.82,59.37,29.87,1.44,1.63,1,5.65,-0.60,23.30
146944,106241082,32.88,15.36,-22.93,17.87,27.60,0.61,-0.98,1,29.28,2.35,56.61
146944,106695531,140.67,-33.42,-4.97,-136.55,33.79,-2.10,-2.99,-1,12.35,-0.03,40.70
146944,106747971,36.00,2.70,-35.79,2.73,35.89,0.08,-1.50,-1,46.37,1.01,77.46
146944,106130365,161.96,8.80,-26.04,-159.61,27.49,-2.46,-1.24,1,11.32,-2.46,20.22
146944,127867395,34.20,-5.19,32.91,7.72,33.31,0.23,1.73,-1,44.19,-1.24,76.46
146944,126848705,124.70,-19.13,-17.06,122.04,25.63,2.26,-2.41,-1,1.91,-1.11,8.48
146944,127716477,108.71,-8.06,-31.63,103.69,32.64,1.87,-1.82,1,32.05,1.48,64.49
146944,127856431,70.55,-16.50,33.75,59.71,37.57,1.24,2.03,1,47.43,-0.90,83.93
146944,127026238,200.71,-30.66,10.82,198.05,32.52,2.51,2.80,1,38.34,-0.37,70.61
146944,127095686,107.25,-18.88,-88.00,-58.33,90.00,-0.61,-1.78,1,18.00,1.01,79.28
146944,127945930,169.62,-23.68,-19.51,166.82,30.68,2.39,-2.45,1,15.24,0.88,43.06
146944,556905320,72.52,-30.72,29.67,58.60,42.71,1.12,2.37,1,33.76,-0.75,75.95
146944,556970490,71.28,-25.32,30.21,-59.39,39.42,-1.20,2.27,-1,37.22,-0.39,74.41
146944,557386988,28.56,18.65,-21.58,-1.56,28.52,-0.05,-0.86,1,25.08,2.19,53.42
146944,557148589,67.39,-0.21,-35.35,-57.38,35.36,-1.26,-1.58,1,35.65,1.61,70.99
146944,557755957,102.16,-16.68,-19.57,98.87,25.72,2.06,-2.28,1,1.32,0.23,11.07
146944,558084590,56.17,30.40,9.61,46.24,31.89,1.17,0.31,-1,46.34,-2.90,76.84
146944,559138968,32.36,-5.57,31.63,-3.96,32.12,-0.12,1.75,-1,45.00,-1.23,75.78
146944,559007417,126.10,-14.42,-31.56,-121.23,34.70,-1.96,-2.00,1,31.25,0.54,62.92
146944,558993739,155.53,27.59,-14.23,152.40,31.04,2.29,-0.48,-1,7.63,-2.53,26.33
146944,559313843,35.57,26.29,-2.41,-23.84,26.40,-0.81,-0.09,1,15.75,-1.67,29.01
146944,558182220,37.29,30.82,-8.22,19.31,31.90,0.57,-0.26,-1,20.37,1.57,40.37
146944,558615092,307.76,52.40,8.28,303.15,53.05,2.44,0.16,1,36.47,2.92,86.40
146944,558365750,216.30,-14.34,-33.83,-213.16,36.74,-2.46,-1.97,1,11.93,0.32,38.12
146944,558153959,60.79,28.02,6.54,53.56,28.77,1.38,0.23,1,22.12,-3.01,50.39
146944,559811136,117.49,-23.89,-10.92,-114.52,26.26,-2.18,-2.71,-1,9.64,1.99,22.55
146944,559537884,44.79,25.33,-4.25,-36.69,25.68,-1.15,-0.17,1,27.27,2.11,48.06
146944,560033581,40.58,-33.90,-7.35,-21.07,34.69,-0.58,-2.93,1,46.51,0.09,80.18
146944,560519431,126.59,-25.78,11.08,-123.44,28.06,-2.19,2.74,1,6.40,-1.26,24.37
146944,562092865,134.61,-25.27,12.94,131.58,28.39,2.24,2.67,1,5.70,-0.90,24.87
146944,561555948,42.42,28.60,-19.44,24.56,34.58,0.66,-0.60,-1,13.19,-1.30,14.73
146944,561099118,145.96,14.33,27.20,-142.68,30.75,-2.24,1.09,1,11.37,1.53,8.16
146944,561098327,47.60,-27.69,-38.15,6.60,47.14,0.14,-2.20,-1,43.17,0.89,90.19
146944,578454144,132.43,-26.20,8.27,129.55,27.47,2.26,2.84,1,15.18,-0.35,40.83
146944,579402043,146.86,-26.29,-4.00,144.43,26.60,2.39,-2.99,-1,9.30,1.46,24.91
146944,579671099,38.02,-23.06,21.03,21.72,31.20,0.65,2.40,1,36.35,-0.43,66.56
146944,578888603,153.73,-9.09,-26.26,151.20,27.79,2.40,-1.90,1,34.59,1.20,62.00
146944,579095414,146.02,30.33,-3.44,142.79,30.53,2.25,-0.11,1,15.82,2.49,42.35
146944,579225374,44.12,23.59,20.44,-31.18,31.22,-0.88,0.71,-1,47.77,-2.73,76.36
146944,578475966,44.70,-25.27,12.37,34.73,28.14,1.04,2.69,1,21.05,-0.73,48.20
146944,580902555,38.82,28.08,-26.70,2.41,38.75,0.06,-0.76,-1,25.41,2.15,62.32
146944,580675008,44.86,-25.99,20.81,-30.07,33.29,-0.81,2.47,1,17.18,-0.06,45.58
146944,581394915,165.28,-30.87,27.26,-160.07,41.18,-2.07,2.42,1,40.92,-0.98,81.41
146944,581689499,164.25,-35.01,17.19,159.55,39.00,2.12,2.69,1,66.87,-0.44,102.14
146944,582103732,151.85,31.29,-2.05,148.58,31.35,2.26,-0.07,1,6.30,-1.03,13.10
146944,581461613,77.49,19.98,-58.45,46.78,61.77,0.70,-1.24,-1,42.30,1.72,101.82
146944,581925351,157.85,36.12,-19.51,-152.42,41.06,-2.02,-0.50,-1,46.09,2.49,86.75
146944,582078816,53.12,7.29,36.99,-37.41,37.71,-0.88,1.38,-1,37.10,-1.71,74.78
146944,582141448,190.50,-6.94,-39.43,186.25,40.04,2.24,-1.74,1,38.66,1.26,78.51
146944,581225505,143.76,-15.53,20.46,-141.44,25.68,-2.41,2.22,1,5.85,1.68,6.53
146944,581575801,26.65,21.86,-15.25,-0.03,26.65,-0.00,-0.61,-1,21.28,-2.47,38.20
146944,581821633,32.00,12.54,-28.27,-8.22,30.93,-0.26,-1.15,-1,37.46,2.14,67.87
146944,581252914,45.58,-5.28,44.88,-5.94,45.19,-0.13,1.69,1,40.26,-1.53,85.24
146944,583313043,89.21,-4.12,25.46,-85.40,25.79,-1.91,1.73,-1,11.09,2.08,5.94
146944,582476036,141.90,-24.91,-3.79,-139.65,25.19,-2.41,-2.99,1,11.55,-0.61,31.69
146944,583101628,33.51,16.59,-18.92,-22.12,25.16,-0.79,-0.85,1,5.94,3.05,22.71
146944,582857999,265.43,-8.48,-45.72,261.33,46.50,2.43,-1.75,-1,5.34,0.96,30.82
146944,583386959,183.62,28.87,-7.57,181.18,29.85,2.50,-0.26,-1,28.08,2.87,57.91
146944,582596232,168.00,34.40,-3.45,164.40,34.57,2.26,-0.10,-1,15.89,-0.60,11.58
146944,583093456,79.26,38.27,-31.55,61.82,49.60,1.05,-0.69,-1,40.53,2.49,89.66
146944,582546913,81.43,-26.23,9.33,-76.53,27.84,-1.74,2.80,1,10.47,-0.98,32.43
146944,582647401,37.65,-26.32,13.86,-23.08,29.75,-0.71,2.66,1,67.17,3.06,18.08
146944,582872217,285.47,-1.76,-72.08,276.22,72.10,2.05,-1.60,1,4.84,2.80,30.29
146944,583442369,29.78,8.66,28.40,-2.32,29.69,-0.08,1.27,-1,31.20,-1.97,60.78
146944,582568482,190.94,11.24,32.00,187.91,33.92,2.41,1.23,1,40.51,-1.86,74.11
146944,584535505,163.00,27.15,-13.94,-160.12,30.52,-2.36,-0.47,-1,12.24,-1.29,15.27
146944,584600313,139.54,-2.00,28.11,-136.66,28.18,-2.28,1.64,1,2.47,0.56,8.57
146944,583696898,28.84,-26.68,-10.09,4.21,28.53,0.15,-2.78,-1,30.32,0.31,58.80
146944,584956922,86.34,31.67,-5.46,-80.14,32.14,-1.64,-0.17,-1,27.66,2.81,59.43
146944,583790739,32.26,22.84,18.02,-13.95,29.09,-0.46,0.67,1,11.29,-0.40,18.47
146944,584354859,31.97,24.94,11.58,-16.30,27.50,-0.56,0.43,1,33.28,3.02,58.15
146944,584146808,60.47,-28.39,8.72,52.68,29.70,1.34,2.84,-1,2.50,1.65,9.66
146944,585633434,102.28,-33.94,-14.54,-95.38,36.92,-1.68,-2.74,1,5.92,2.24,17.93
146944,586344938,48.04,4.64,-37.96,-29.08,38.24,-0.70,-1.45,1,34.43,1.62,72.52
146944,585403683,52.79,-35.47,-22.00,-32.32,41.74,-0.71,-2.59,1,16.46,-0.74,41.84
146944,585710571,179.47,-25.08,-28.19,175.46,37.74,2.24,-2.30,-1,36.86,0.88,74.58
146944,395437816,52.43,28.14,42.94,-10.62,51.34,-0.21,0.99,1,31.26,-2.08,80.07
146944,395670672,157.99,-10.06,24.48,155.76,26.47,2.47,1.96,-1,8.34,-1.86,28.04
146944,395423930,41.67,37.80,10.17,14.30,39.14,0.36,0.26,-1,60.77,0.48,10.44
146944,395125159,95.93,19.15,24.60,-90.73,31.18,-1.79,0.91,-1,35.99,-1.96,66.36
146944,395199024,63.21,47.19,-15.03,39.27,49.53,0.73,-0.31,1,35.85,2.36,81.88
146944,396737645,46.19,37.82,3.66,-26.26,38.00,-0.65,0.10,-1,41.73,-2.96,79.57
146944,396495190,81.01,0.83,-44.45,67.72,44.46,1.21,-1.55,1,53.75,0.29,77.73
146944,396805959,118.69,-30.52,36.21,-108.84,47.35,-1.57,2.27,-1,6.06,0.00,30.70
146944,395898680,31.45,11.12,26.64,12.48,28.87,0.42,1.18,1,28.73,-1.97,57.60
146944,396664680,267.44,24.10,-36.44,-263.84,43.69,-2.50,-0.99,1,27.82,2.15,69.73
146944,397004792,122.92,-11.96,22.58,-120.23,25.55,-2.25,2.06,-1,22.24,-1.11,47.67
146944,396214841,153.20,15.57,-32.54,-148.89,36.08,-2.13,-1.12,1,35.29,1.76,70.78
146944,396795146,26.63,0.55,-25.64,-7.19,25.64,-0.28,-1.55,-1,12.63,0.12,26.66
146944,396203419,68.00,-33.03,18.25,-56.57,37.74,-1.19,2.64,1,36.66,-0.60,74.31
146944,396070524,46.62,-7.01,-34.27,-30.83,34.98,-0.79,-1.77,1,25.66,1.14,59.53
146944,397014020,70.10,-9.81,30.95,-62.12,32.47,-1.40,1.88,1,41.45,-1.11,73.15
146944,397966318,79.11,-27.98,-23.43,70.19,36.49,1.41,-2.44,-1,40.31,0.69,76.71
146944,397660298,44.17,-14.12,-22.42,35.33,26.50,1.10,-2.13,-1,5.26,-0.69,15.60
146944,397517052,120.42,31.74,3.44,-116.11,31.92,-2.00,0.11,1,28.27,-2.99,60.07
146944,397701044,49.78,22.81,21.31,38.78,31.21,1.04,0.75,-1,29.12,2.99,54.32
146944,398171364,227.33,25.79,-32.68,223.48,41.63,2.38,-0.90,1,35.56,2.36,76.82
146944,398613229,64.27,32.84,-20.83,-51.17,38.89,-1.09,-0.57,1,41.84,2.39,80.33
146944,399497057,41.02,14.72,32.57,20.12,35.74,0.54,1.15,-1,44.85,-1.98,80.08
146944,406341560,29.51,-26.67,-8.45,-9.38,27.98,-0.33,-2.83,1,37.31,0.51,64.29
146944,406624944,41.28,-22.46,31.01,-15.42,38.29,-0.39,2.20,1,33.85,-0.79,71.80
146944,406882868,125.38,-15.77,20.48,-122.68,25.84,-2.26,2.23,-1,7.18,-0.09,24.94
146944,406014555,156.43,31.84,-3.52,153.11,32.04,2.27,-0.11,1,16.74,-0.54,9.97
146944,406769949,123.86,26.56,-23.06,-118.76,35.17,-1.93,-0.72,-1,16.97,1.62,44.93
146944,406870197,66.40,-21.53,27.69,-56.38,35.07,-1.25,2.23,1,35.92,-0.93,70.98
146944,407666535,40.02,-30.74,-8.99,-24.00,32.03,-0.69,-2.86,1,39.04,0.14,70.52
146944,407975755,66.89,-17.40,-30.77,-56.78,35.35,-1.25,-2.09,-1,38.17,1.15,73.38
146944,407030941,138.52,-25.40,-40.24,-130.09,47.59,-1.73,-2.13,-1,14.15,-1.63,12.92
146944,252024714,74.99,9.30,-35.22,-65.55,36.43,-1.35,-1.31,1,35.34,2.07,71.22
146944,251620893,33.60,-26.04,-10.50,-18.46,28.08,-0.62,-2.76,1,8.43,-1.37,19.74
146944,252203103,34.90,-6.02,34.31,2.22,34.83,0.06,1.74,1,30.34,-1.61,64.64
146944,252244223,27.64,18.86,-19.69,4.53,27.26,0.17,-0.81,1,16.59,1.94,41.69
146944,253570892,41.98,21.94,-34.32,-10.14,40.73,-0.25,-1.00,1,38.59,2.18,79.28
146944,252470244,39.40,20.83,28.59,-17.35,35.37,-0.47,0.94,1,53.69,-2.43,86.59
146944,252502436,38.12,19.55,28.17,16.65,34.29,0.47,0.96,1,33.20,-3.10,60.38
146944,272091538,189.08,-21.70,31.31,-185.20,38.09,-2.28,2.18,1,9.95,2.52,6.69
146944,271653075,54.99,0.08,36.49,-41.13,36.49,-0.97,1.57,1,46.96,-0.95,78.81
146944,271862299,74.25,-20.07,-17.47,69.31,26.61,1.69,-2.43,1,7.84,-0.74,21.56
146944,272405052,44.12,42.84,-10.07,-3.21,44.01,-0.07,-0.23,1,35.79,-2.77,75.77
146944,272534222,29.08,-13.81,20.98,14.67,25.12,0.56,2.15,1,9.22,1.16,14.55
146944,273535651,35.93,27.22,17.65,-15.43,32.44,-0.46,0.58,1,26.72,-2.88,58.19
146944,273645419,76.79,-29.28,18.95,68.41,34.88,1.43,2.57,1,48.52,-1.47,74.24
146944,273598185,197.27,28.53,-16.76,-194.48,33.09,-2.47,-0.53,1,18.00,2.20,47.79
146944,288413041,42.55,15.09,-28.73,-27.51,32.45,-0.77,-1.09,1,46.14,2.48,75.63
146944,288475433,83.86,7.06,32.36,-77.04,33.12,-1.58,1.36,1,33.93,-1.61,66.78
146944,287410340,217.39,15.36,-33.68,214.22,37.02,2.46,-1.14,1,32.53,2.05,69.38
146944,288196022,173.49,-25.75,31.59,168.64,40.76,2.13,2.25,1,30.64,-1.21,69.75
146944,287896431,48.12,-24.14,22.46,35.05,32.97,0.93,2.39,1,24.92,-1.14,56.26
146944,288605207,83.03,1.09,27.77,-78.24,27.79,-1.76,1.53,1,27.76,-1.43,55.34
146944,289745535,110.70,-20.39,22.85,-106.38,30.62,-1.96,2.30,1,29.51,-1.45,57.33
146944,289617904,27.37,5.13,26.60,-3.90,27.09,-0.14,1.38,1,19.43,-0.54,37.65
146944,289272434,69.89,31.20,-14.24,-60.90,34.30,-1.34,-0.43,1,1.66,-1.17,5.46
146944,327052133,43.92,2.73,27.62,-34.04,27.76,-1.03,1.47,1,14.62,-2.10,39.37
146944,326985526,84.36,-4.03,-30.87,-78.41,31.13,-1.65,-1.70,1,36.41,1.13,66.55
146944,326698064,35.46,-3.55,34.77,5.94,34.95,0.17,1.67,1,5.16,1.89,2.90
146944,326707992,118.16,14.22,-24.53,-114.71,28.35,-2.11,-1.05,1,3.02,2.92,16.97
146944,327577331,140.60,1.60,29.86,-137.38,29.91,-2.23,1.52,1,32.55,-1.36,61.85
146944,328627715,141.75,32.19,-0.48,-138.05,32.20,-2.16,-0.01,1,33.85,3.06,65.99
146944,328630550,313.88,2.92,54.05,309.18,54.13,2.44,1.52,1,16.94,-1.23,59.37
146944,328208600,82.79,28.45,7.97,77.34,29.55,1.69,0.27,1,14.43,0.61,6.87
146944,328609250,37.44,27.88,21.80,-12.21,35.40,-0.34,0.66,1,33.93,-2.55,69.27
146944,332128061,197.38,-29.27,-23.47,193.78,37.52,2.34,-2.47,1,42.73,0.56,79.95
146944,332062986,117.63,-32.69,-13.29,-112.21,35.29,-1.87,-2.76,1,37.31,0.23,72.35
146944,347850403,140.70,25.13,10.32,138.05,27.17,2.33,0.39,1,16.24,-2.71,42.01
146944,412023943,51.68,5.33,-27.33,43.54,27.85,1.23,-1.38,1,8.00,2.54,27.65
146944,411799842,40.97,32.65,21.68,-11.93,39.19,-0.30,0.59,1,40.42,-2.47,79.54
146944,411299283,48.61,-35.92,14.40,29.42,38.70,0.70,2.76,1,44.71,-0.57,82.81
146944,411886108,117.20,3.82,27.58,-113.85,27.85,-2.12,1.43,1,8.73,0.06,19.78
146944,412682160,138.04,-25.08,-5.91,-135.62,25.76,-2.36,-2.91,1,17.45,3.06,6.60
146944,412618740,39.21,38.02,0.72,-9.55,38.02,-0.25,0.02,1,37.37,-3.08,75.37
146944,417445523,47.23,13.48,45.20,-2.30,47.17,-0.05,1.28,1,51.15,-2.51,93.18
146944,417153768,232.82,-44.27,64.88,-219.18,78.55,-1.75,2.17,1,4.88,2.94,14.79
146944,416716994,44.19,-35.45,-24.69,9.30,43.20,0.21,-2.53,1,12.41,1.22,44.14
146944,418278636,56.89,21.83,18.91,-49.01,28.88,-1.30,0.71,1,19.69,-2.51,47.66
146944,418990029,29.40,-17.94,-18.95,-13.54,26.10,-0.50,-2.33,1,28.52,0.80,54.56
146944,422125898,71.46,-2.02,27.67,65.85,27.74,1.60,1.64,1,5.85,1.93,3.63
146944,422264851,141.95,27.90,28.32,136.26,39.76,1.95,0.79,1,30.31,-2.41,69.40
146944,422605566,85.82,-7.81,-29.12,-80.35,30.15,-1.71,-1.83,1,8.91,-0.54,19.80
146944,438837687,109.39,-24.93,-13.62,-105.63,28.41,-2.02,-2.64,1,25.78,-0.01,52.38
146944,440411398,48.47,-5.51,-33.57,34.53,34.02,0.89,-1.73,1,3.35,1.55,21.30
146944,441139791,297.99,-49.58,-23.54,-292.90,54.88,-2.38,-2.70,1,9.73,-0.68,39.15
146944,441210921,41.70,-17.88,36.42,9.63,40.57,0.24,2.03,1,38.70,-1.21,79.16
146944,440899596,36.94,-18.95,24.69,19.88,31.13,0.60,2.23,1,31.59,-1.21,62.05
146944,441013492,204.04,-34.47,19.20,-200.19,39.46,-2.33,2.63,1,34.05,-0.47,73.29
146944,463370552,412.81,59.72,-34.00,-407.05,68.72,-2.48,-0.52,1,10.16,3.04,51.73
146944,462895306,66.97,-33.97,23.18,-52.86,41.13,-1.07,2.54,1,38.28,-2.07,58.76
146944,462892490,311.16,-43.65,-34.80,306.11,55.83,2.40,-2.47,1,10.85,-2.14,8.03
146944,523365910,67.28,35.03,29.31,-49.41,45.67,-0.94,0.70,1,28.27,0.74,1.50
146944,522853311,42.25,3.51,31.64,27.79,31.83,0.79,1.46,1,6.64,0.85,8.69
146944,523470480,64.01,32.94,19.79,51.19,38.42,1.10,0.54,1,40.44,-2.58,78.84
146944,523368714,217.52,32.58,-18.18,-214.30,37.31,-2.45,-0.51,1,25.04,-2.98,57.77
146944,523524882,29.98,-19.27,-17.55,14.83,26.06,0.54,-2.40,1,2.74,-1.48,7.55
146944,522935877,49.91,16.24,-36.26,30.20,39.73,0.70,-1.15,1,45.43,1.91,84.89
146944,525109779,157.50,-28.89,23.40,-153.04,37.18,-2.12,2.46,1,35.65,-0.73,72.79
146944,525398387,31.42,17.05,-26.36,1.39,31.39,0.04,-1.00,1,34.17,2.14,65.50
146944,524726828,46.21,37.51,-8.28,-25.68,38.41,-0.63,-0.22,1,28.39,2.55,64.89
146944,165790780,71.24,-8.91,-31.16,63.44,32.41,1.42,-1.85,1,6.45,-0.48,18.29
146944,166458237,210.48,22.83,-32.14,-206.75,39.43,-2.36,-0.95,1,35.52,2.47,74.09
146944,167004186,108.08,22.19,-12.51,105.04,25.47,2.12,-0.51,1,9.64,2.77,31.26
146944,167078130,209.65,20.38,31.87,206.20,37.83,2.40,1.00,1,10.70,-1.04,34.32
146944,167633067,49.08,-29.22,26.77,28.95,39.63,0.68,2.40,1,32.45,-0.73,71.73
146944,168197128,32.69,-20.02,25.84,0.20,32.69,0.01,2.23,-1,44.48,-1.22,75.34
146944,168249616,47.13,30.59,21.56,-28.66,37.42,-0.71,0.61,-1,44.71,-1.95,78.43
146944,168325304,189.30,31.28,8.06,186.53,32.30,2.45,0.25,-1,8.68,-2.87,33.49
146944,167289481,35.73,-2.25,-27.31,-22.93,27.41,-0.76,-1.65,-1,15.31,0.28,33.75
146944,167775737,46.98,2.58,42.03,-20.83,42.11,-0.48,1.51,-1,45.41,-1.05,83.75
146944,168032689,169.24,21.98,-31.77,-164.77,38.63,-2.16,-0.97,-1,32.04,1.89,69.66
146944,167201634,126.98,27.07,-8.70,123.75,28.44,2.18,-0.31,-1,27.59,2.45,55.01
146944,167321986,180.36,36.61,-25.28,-174.78,44.49,-2.08,-0.60,1,26.28,-3.11,64.97
146944,183157142,147.49,-13.23,25.34,144.69,28.58,2.32,2.05,1,28.72,-1.39,56.64
146944,182474937,319.40,24.80,-49.95,-314.49,55.77,-2.43,-1.11,-1,13.50,2.52,53.26
146944,181879354,74.99,-33.24,-12.00,66.15,35.34,1.38,-2.80,-1,46.50,1.84,59.56
146944,181967755,172.73,-27.75,-11.63,-170.09,30.08,-2.43,-2.74,1,17.52,1.36,40.64
146944,182041723,46.47,-32.93,-11.27,-30.78,34.80,-0.80,-2.81,1,38.81,0.15,73.22
146944,183128571,117.28,-17.83,-33.11,111.08,37.60,1.80,-2.06,1,30.70,1.41,66.99
146944,182549428,172.58,-27.33,8.12,170.21,28.51,2.49,2.85,1,2.18,0.31,15.08
146944,305659094,209.69,-44.73,-12.14,204.50,46.34,2.19,-2.88,-1,18.53,0.85,56.14
146944,305514912,109.90,-12.81,36.91,102.72,39.07,1.69,1.90,1,17.67,-0.73,50.85
146944,305245385,26.56,25.45,-0.15,-7.58,25.45,-0.29,-0.01,1,17.14,-2.98,41.63
146944,305802105,164.86,10.40,34.80,-160.80,36.33,-2.19,1.28,-1,32.69,-1.52,67.93
146944,305832690,37.60,-30.60,15.89,-15.00,34.48,-0.42,2.66,-1,37.02,-0.29,71.13
146944,305913234,33.48,22.05,-18.82,16.75,28.99,0.55,-0.71,1,34.73,2.06,62.37
146944,304883555,57.96,-14.07,29.96,-47.58,33.10,-1.16,2.01,1,42.13,-1.10,74.67
146944,305743195,41.10,26.61,2.62,-31.20,26.74,-0.99,0.10,-1,6.78,-1.36,17.94
146944,307007422,51.16,-6.84,-34.23,37.41,34.90,0.93,-1.77,1,52.28,1.39,85.43
146944,307037192,44.13,-15.33,34.76,-22.45,37.99,-0.56,1.99,-1,45.31,-0.97,82.63
146944,306416306,37.21,4.78,32.40,-17.67,32.75,-0.52,1.42,-1,40.95,-1.84,73.10
146944,306787626,45.87,27.62,-5.11,-36.26,28.09,-1.07,-0.18,1,39.51,-2.62,62.48
146944,306299924,68.99,34.07,16.93,57.56,38.04,1.20,0.46,1,46.20,-2.55,83.66
146944,310977045,54.28,7.80,-23.80,-48.16,25.05,-1.41,-1.25,1,13.82,-1.58,6.03
146944,310356225,138.21,-29.98,22.81,132.98,37.67,1.97,2.49,-1,35.51,-0.59,73.11
146944,310705465,222.22,11.00,-41.38,218.05,42.82,2.33,-1.31,1,23.05,0.21,43.33
146944,310990561,131.65,58.83,-36.67,-111.92,69.32,-1.26,-0.56,1,24.08,2.27,80.70
146944,311340684,50.08,26.32,-11.68,40.97,28.80,1.15,-0.42,-1,31.27,3.05,59.24
146944,312176501,43.01,32.25,6.07,27.79,32.82,0.77,0.19,-1,6.28,-2.63,28.34
146944,312755883,93.14,4.92,-42.91,-82.52,43.19,-1.40,-1.46,1,9.27,0.96,37.40
146944,312822284,70.58,-30.39,8.81,-63.09,31.64,-1.44,2.86,-1,13.67,-0.23,41.58
146944,312147738,71.36,8.98,-24.56,66.40,26.15,1.66,-1.22,1,2.41,-2.39,8.74
146944,312785032,58.67,12.80,-32.09,-47.41,34.55,-1.12,-1.19,-1,33.17,1.71,67.19
146944,313021858,37.62,11.26,35.88,0.93,37.61,0.02,1.27,-1,41.69,-1.90,79.19
146944,314304701,37.33,-29.70,9.68,20.45,31.23,0.62,2.83,1,10.91,2.82,0.14
146944,313712703,216.15,-15.96,33.61,212.92,37.21,2.45,2.01,1,39.82,-1.35,76.51
146944,314142295,118.17,-24.17,21.12,-113.72,32.10,-1.98,2.42,1,7.55,-0.84,31.08
146944,313233296,34.54,29.87,7.71,15.53,30.85,0.48,0.25,1,39.74,-3.14,69.48
146944,315027291,44.37,-12.64,-38.24,18.63,40.27,0.45,-1.89,1,35.57,1.21,75.69
146944,315076131,47.43,-19.46,-19.60,-38.55,27.62,-1.14,-2.35,1,11.84,-1.61,13.04
146944,315908835,101.54,-2.07,-26.91,-97.89,26.99,-2.00,-1.65,1,7.22,-0.18,18.70
146944,315039412,30.98,-24.69,-5.31,-17.93,25.26,-0.66,-2.93,1,4.70,-0.37,20.89
146944,315045029,148.36,19.69,-18.37,145.89,26.93,2.39,-0.75,-1,19.11,1.81,43.46
146944,315073669,43.82,36.61,10.72,-21.55,38.15,-0.54,0.28,-1,40.87,3.06,77.63
146944,315499181,50.57,9.97,-45.50,19.69,46.58,0.41,-1.36,1,48.60,1.84,95.11
146944,315556733,171.72,-3.17,-29.96,169.06,30.13,2.43,-1.68,1,14.01,1.23,40.80
146944,314600054,37.30,35.46,-4.46,-10.67,35.74,-0.29,-0.13,1,34.10,2.84,69.57
146944,314888142,77.02,-24.26,60.04,41.70,64.75,0.61,1.95,-1,107.86,1.43,43.36
146944,315756136,272.90,42.06,-24.68,-268.50,48.77,-2.41,-0.53,-1,20.16,2.20,61.39
146944,322790966,40.53,-26.24,28.24,12.50,38.55,0.32,2.32,1,42.68,-0.70,80.96
146944,323179319,112.92,2.35,-36.72,-106.76,36.79,-1.79,-1.51,-1,35.24,1.85,71.62
146944,323819187,102.21,15.56,24.37,98.03,28.92,1.94,1.00,1,33.58,-2.20,62.30
146944,323274532,346.93,69.12,-12.54,-339.74,70.25,-2.28,-0.18,1,26.53,-2.88,84.28
146944,324109372,43.22,-23.24,-13.28,-33.93,26.76,-1.06,-2.62,1,35.28,0.48,61.44
146944,323393621,77.46,27.98,32.63,64.44,42.98,1.19,0.86,1,40.77,-2.51,83.19
146944,324265366,142.65,-16.15,20.31,-140.27,25.95,-2.39,2.24,1,5.38,-0.98,23.61
146944,324013687,147.19,-25.17,11.72,144.55,27.77,2.35,2.71,-1,18.22,-2.39,25.11
146944,323374209,47.74,37.97,-8.64,-27.61,38.94,-0.66,-0.22,1,44.47,2.43,80.76
146944,324254753,50.60,-22.24,-16.74,42.25,27.83,1.20,-2.50,-1,30.98,0.84,58.45
146944,323702490,40.34,-26.74,-29.21,7.69,39.60,0.19,-2.31,-1,37.77,0.79,77.32
146944,324309498,33.99,28.76,17.82,-3.31,33.83,-0.10,0.55,1,44.45,-2.40,77.23
146944,333464924,46.10,36.13,-20.84,19.63,41.71,0.45,-0.52,1,7.04,-0.92,6.68
146944,334014428,208.64,-49.25,4.37,-202.70,49.45,-2.12,3.05,1,20.13,-0.14,63.09
146944,335858099,41.59,-29.91,-23.30,-17.10,37.92,-0.44,-2.48,-1,33.04,0.91,70.26
146944,336062549,158.73,25.60,-14.11,-156.02,29.23,-2.38,-0.50,1,28.46,2.52,57.58
146944,336121614,36.27,3.90,-36.00,-2.05,36.21,-0.06,-1.46,1,20.97,1.57,55.02
146944,334870911,62.15,-54.95,13.78,25.55,56.65,0.44,2.90,-1,5.11,-1.21,30.14
146944,335980711,40.58,19.51,21.15,28.61,28.77,0.88,0.83,1,7.50,-0.09,13.02
146944,380434209,173.57,5.96,45.89,167.28,46.28,2.00,1.44,-1,27.21,-1.66,70.96
146944,381251186,104.72,-18.89,32.81,97.64,37.85,1.68,2.09,1,30.19,-1.23,67.34
146944,381284757,36.80,-33.54,-10.22,11.18,35.07,0.31,-2.85,-1,36.31,0.21,71.29
146944,380488671,71.25,-7.25,-33.40,62.52,34.18,1.36,-1.78,1,35.73,1.39,69.88
146944,381435463,42.34,35.22,-15.91,17.29,38.65,0.43,-0.42,-1,41.70,2.56,80.03
146944,382734077,69.08,31.27,-3.10,61.52,31.42,1.42,-0.10,1,24.15,-2.96,54.56
146944,382920949,70.04,29.62,-57.33,-27.24,64.53,-0.41,-1.09,1,31.77,2.72,85.45
146944,382431311,185.34,36.20,8.93,181.55,37.28,2.29,0.24,-1,12.78,1.30,22.08
146944,382475088,152.35,-24.92,-11.01,-149.90,27.24,-2.41,-2.73,-1,11.34,-0.08,34.06
146944,389129665,34.10,-16.32,-29.93,-0.76,34.09,-0.02,-2.07,-1,28.29,0.80,61.54
146944,389287364,86.47,-25.32,-4.33,-82.56,25.68,-1.88,-2.97,1,13.22,-0.05,36.64
146944,388732741,173.27,-28.20,9.40,170.70,29.72,2.45,2.82,-1,14.95,-2.29,23.29
146944,388796751,444.00,-36.66,-88.27,433.59,95.58,2.22,-1.96,1,16.72,2.80,55.00
146944,389750087,35.88,5.08,35.01,6.00,35.37,0.17,1.43,-1,32.22,-1.42,66.79
146944,389429104,133.30,21.95,-13.25,-130.81,25.64,-2.33,-0.54,-1,2.77,0.10,5.34
146944,389815128,124.38,-27.61,-27.14,-118.20,38.72,-1.84,-2.36,1,36.30,0.70,74.92
146944,390530425,239.74,37.57,17.74,-236.11,41.55,-2.44,0.44,-1,37.91,-2.46,78.82
146944,391233900,31.37,-19.49,-24.57,-0.07,31.37,-0.00,-2.24,-1,19.01,0.72,48.64
146944,390452926,104.61,-35.69,-4.41,-98.23,35.96,-1.73,-3.02,-1,13.74,0.30,44.28
146944,391251590,80.13,36.79,4.54,-71.04,37.07,-1.41,0.12,1,28.98,3.08,65.28
146944,395136723,26.28,-21.82,-13.89,-4.65,25.86,-0.18,-2.57,-1,27.94,0.11,52.37
146944,395291524,53.79,7.11,27.13,45.90,28.04,1.27,1.31,1,28.15,-1.99,56.01
146944,230523766,203.90,36.60,6.82,200.47,37.23,2.39,0.18,-1,5.28,2.16,23.40
146944,230821550,61.17,-8.22,32.03,-51.46,33.07,-1.23,1.82,1,33.03,-1.72,64.80
146944,231453642,49.49,34.43,-21.98,-27.94,40.85,-0.64,-0.57,1,43.11,2.29,83.10
146944,231716699,44.17,13.65,30.25,29.15,33.19,0.79,1.15,1,35.19,-2.14,68.18
146944,230950944,109.26,44.31,36.39,-93.01,57.34,-1.26,0.69,-1,25.28,-2.06,74.70
146944,231165668,170.30,-4.91,-32.59,-167.08,32.96,-2.33,-1.72,1,18.03,1.02,47.76
146944,231819301,48.29,-15.28,-37.23,-26.70,40.24,-0.62,-1.96,1,30.42,1.52,68.95
146944,230540107,118.71,3.73,-32.61,-114.08,32.82,-1.96,-1.46,1,12.69,1.74,40.81
146944,230655684,80.17,-19.95,-30.86,71.25,36.75,1.42,-2.14,-1,42.49,0.77,78.54
146944,231496160,265.69,-39.85,-50.50,257.78,64.33,2.10,-2.24,1,15.75,-0.62,45.98
146944,231522905,33.54,-30.92,-5.84,11.61,31.47,0.36,-2.95,1,41.86,-0.11,71.80
146944,231566417,56.16,17.92,-35.75,-39.43,39.99,-0.87,-1.11,1,37.39,1.83,76.92
146944,232248618,85.97,-18.17,-36.64,75.61,40.90,1.37,-2.03,-1,39.44,1.01,80.22
146944,231940267,165.26,31.94,15.68,161.38,35.58,2.22,0.46,1,31.63,-2.57,66.98
146944,232006436,60.93,47.61,-36.45,10.84,59.96,0.18,-0.65,-1,29.25,2.08,82.03
146944,232320768,35.84,13.83,-32.29,7.08,35.13,0.20,-1.17,1,12.23,-0.90,5.51
146944,232815808,192.28,-21.97,-25.48,189.31,33.64,2.43,-2.28,-1,9.49,-2.29,0.10
146944,232159281,53.90,-23.03,16.67,45.79,28.44,1.25,2.52,-1,30.44,-0.78,58.67
146944,274291586,86.85,32.14,4.17,80.57,32.41,1.64,0.13,-1,17.04,-1.54,34.76
146944,274891721,195.96,-33.09,-7.79,-192.99,34.00,-2.44,-2.91,-1,3.30,-1.14,16.42
146944,274729276,135.28,5.75,-32.84,-131.11,33.34,-2.08,-1.40,-1,38.31,1.76,71.47
146944,274732991,46.77,1.02,26.99,38.18,27.01,1.15,1.53,1,49.64,-0.57,63.58
146944,275045783,40.21,24.22,-21.18,24.12,32.17,0.69,-0.72,-1,34.90,2.34,66.95
146944,275299735,36.67,21.49,-24.36,-17.02,32.48,-0.50,-0.85,-1,29.52,2.45,61.75
146944,275666512,272.03,57.93,18.13,-265.17,60.70,-2.18,0.30,1,46.05,-2.89,105.70
146944,275852186,47.76,3.33,-36.08,31.12,36.23,0.78,-1.48,-1,31.22,1.80,67.11
146944,275713507,66.15,39.77,1.19,-52.84,39.79,-1.10,0.03,-1,50.18,-2.99,89.20
146944,276087220,63.59,-24.96,-29.16,50.70,38.38,1.09,-2.28,-1,31.73,1.11,69.28
146944,276425756,27.18,-18.29,18.81,7.09,26.24,0.27,2.34,1,33.97,-1.04,59.26
146944,276994972,34.20,30.78,7.60,12.82,31.71,0.39,0.24,1,9.70,2.80,33.59
146944,276157709,43.84,-43.11,-1.17,7.84,43.13,0.18,-3.11,1,39.93,-0.28,82.02
146944,290416912,41.37,37.37,8.65,15.51,38.36,0.39,0.23,-1,39.63,-2.92,77.98
146944,290811240,72.83,15.95,-32.16,-63.36,35.90,-1.33,-1.11,1,40.77,2.41,75.13
146944,290857752,160.95,0.92,35.04,157.08,35.05,2.21,1.54,1,38.02,-1.79,72.66
146944,290515921,140.95,17.71,31.37,-136.27,36.02,-2.04,1.06,1,27.72,-1.96,63.07
146944,290976906,99.82,22.74,-29.65,-92.56,37.36,-1.64,-0.92,1,14.36,1.97,45.96
146944,291385955,95.03,-31.22,-7.63,89.43,32.14,1.75,-2.90,1,36.49,0.03,68.13
146944,291320036,77.49,29.35,-38.78,60.32,48.64,1.04,-0.92,1,10.68,2.59,44.80
146944,308014246,60.98,21.54,-51.72,-24.08,56.03,-0.42,-1.18,-1,25.52,1.43,72.97
146944,308547480,136.57,-25.01,-3.70,-134.21,25.28,-2.37,-2.99,1,0.75,1.54,6.66
146944,307481786,155.78,-22.43,24.44,152.20,33.17,2.23,2.31,1,17.96,-1.22,47.86
146944,307722962,39.26,38.55,7.21,1.83,39.22,0.05,0.18,1,45.67,-2.78,84.32
146944,307550187,133.55,-93.16,-45.31,84.29,103.59,0.74,-2.69,-1,12.64,-0.98,54.63
146944,310186759,101.17,-12.90,-26.89,-96.67,29.83,-1.89,-2.02,1,54.49,1.57,78.67
146944,309670001,91.94,44.60,-6.19,80.15,45.03,1.34,-0.14,-1,33.80,3.03,78.02
146944,309159762,356.38,-41.94,40.06,-351.63,58.00,-2.50,2.38,1,8.66,-0.73,44.82
146944,309618932,93.29,-34.78,-5.57,86.38,35.22,1.63,-2.98,-1,48.32,-0.03,82.16
146944,309886356,83.58,-32.95,5.84,76.58,33.47,1.57,2.97,1,40.43,-0.38,73.17
146944,316223779,44.82,35.39,-27.50,-0.06,44.82,-0.00,-0.66,1,25.90,-0.97,10.53
146944,316060303,59.97,31.32,4.24,-50.97,31.60,-1.26,0.13,-1,27.13,1.95,46.16
146944,316096433,39.91,3.75,30.27,25.74,30.50,0.77,1.45,-1,9.42,-2.00,33.52
146944,317398042,61.98,35.27,26.65,43.44,44.21,0.87,0.65,-1,28.84,-0.92,50.29
146944,318569875,58.05,9.36,-33.27,-46.64,34.56,-1.11,-1.30,-1,35.01,1.60,69.05
146944,318382908,111.12,6.93,41.31,102.92,41.88,1.63,1.40,1,46.43,-1.93,87.80
146944,317841525,27.81,-14.72,-23.06,-5.00,27.36,-0.18,-2.14,1,7.97,1.94,26.35
146944,318239001,198.61,-19.71,34.24,-194.64,39.51,-2.30,2.09,-1,6.25,1.37,11.05
146944,317832898,85.36,-20.16,26.83,78.48,33.56,1.59,2.22,-1,45.29,-1.39,75.86
146944,318666298,136.72,27.81,-1.95,-133.85,27.88,-2.27,-0.07,1,9.12,-1.09,15.62
146944,318785858,124.10,18.62,-21.78,120.74,28.65,2.15,-0.86,-1,21.39,2.39,49.43
146944,325493379,43.08,-22.77,30.11,-20.76,37.75,-0.53,2.22,-1,35.71,-0.91,73.43
146944,324711365,135.96,14.83,21.00,-133.51,25.71,-2.35,0.96,-1,12.52,-2.21,35.87
146944,325887078,38.21,36.30,-11.89,-1.26,38.19,-0.03,-0.32,1,29.26,2.67,66.66
146944,325270210,181.02,37.28,-2.37,177.13,37.35,2.26,-0.06,-1,10.59,-2.89,39.27
146944,198677269,46.15,-26.37,33.06,18.48,42.29,0.42,2.24,1,48.12,-1.14,89.54
146944,199210935,159.34,-11.05,-24.99,-156.98,27.32,-2.45,-1.99,-1,11.23,0.39,32.49
146944,198908312,150.85,19.10,19.48,148.36,27.28,2.39,0.80,-1,7.25,-0.74,19.50
146944,198222666,35.58,-3.17,-30.92,17.32,31.08,0.53,-1.67,-1,29.65,1.73,60.21
146944,198300075,142.13,15.98,-20.33,-139.76,25.86,-2.39,-0.90,1,28.49,1.28,48.16
146944,199435731,172.02,-41.01,15.33,-166.36,43.78,-2.04,2.78,1,26.91,-0.44,68.59
146944,200013589,34.51,34.26,3.06,2.76,34.40,0.08,0.09,1,23.39,-2.98,56.69
146944,200360109,42.68,-25.12,-8.59,33.42,26.55,1.05,-2.81,1,21.54,0.63,47.27
146944,199897882,81.47,24.94,31.54,-70.85,40.21,-1.33,0.90,1,32.57,-2.15,72.32
146944,199880690,65.74,-31.10,-7.03,-57.49,31.89,-1.35,-2.92,-1,15.38,-2.75,3.71
146944,199881204,76.44,-9.47,25.54,-71.42,27.24,-1.69,1.93,1,32.52,-1.09,59.41
146944,199971588,41.11,2.49,26.98,30.93,27.09,0.98,1.48,-1,23.51,-3.07,38.50
146944,283634450,160.87,32.57,4.93,-157.46,32.94,-2.27,0.15,1,5.74,0.48,4.55
146944,284072388,200.68,11.19,35.88,-197.13,37.58,-2.36,1.27,-1,33.19,-1.63,70.10
146944,283138325,41.03,-39.00,11.71,4.99,40.72,0.12,2.85,-1,7.07,1.95,14.72
146944,283307213,65.79,0.07,-31.52,57.75,31.52,1.37,-1.57,-1,10.55,0.00,25.76
146944,283720845,199.40,-20.83,-28.41,196.26,35.23,2.42,-2.20,-1,30.62,0.83,65.59
146944,284040062,31.17,-12.91,-28.35,1.11,31.15,0.04,-2.00,-1,31.36,0.37,57.85
146944,284206326,52.96,30.68,19.97,38.27,36.61,0.91,0.58,-1,43.17,-2.70,79.32
146944,284661008,55.27,-33.95,-13.12,41.60,36.40,0.98,-2.77,-1,61.50,-0.49,85.97
146944,284471274,129.92,6.81,30.05,-126.21,30.82,-2.12,1.35,-1,19.19,-1.36,47.49
146944,285158946,115.38,-4.32,-27.38,112.01,27.72,2.10,-1.73,1,26.66,1.54,54.26
146944,285337890,118.32,40.26,-1.48,-111.25,40.28,-1.74,-0.04,-1,28.95,3.02,68.23
146944,285049923,52.75,7.52,47.01,-22.72,47.61,-0.46,1.41,1,22.89,-2.29,63.40
146944,284945470,46.74,23.01,-16.07,-37.37,28.07,-1.10,-0.61,1,6.15,0.65,15.51
146944,285356822,299.96,90.16,51.98,281.33,104.08,1.72,0.52,1,30.23,0.47,2.85
146944,285149687,56.93,-7.37,32.41,46.22,33.24,1.13,1.79,1,34.86,-1.63,67.38
146944,286654172,75.68,-18.81,-62.45,-38.39,65.22,-0.56,-1.86,-1,23.34,2.18,70.31
146944,293635959,122.21,27.36,9.10,118.76,28.83,2.12,0.32,1,40.47,-1.95,61.99
146944,293881784,63.68,15.44,42.36,44.98,45.08,0.88,1.22,-1,36.36,-1.70,80.49
146944,293521849,256.75,21.11,74.34,-244.85,77.27,-1.87,1.29,-1,8.34,-1.91,50.76
146944,296626693,32.17,-3.87,31.54,5.01,31.78,0.16,1.69,-1,31.08,-1.65,62.54
146944,297041566,95.86,11.50,34.94,88.52,36.78,1.61,1.25,-1,13.92,-0.69,37.40
146944,296134473,199.62,7.79,-37.85,195.85,38.64,2.33,-1.37,1,56.61,1.53,92.83
146944,296159467,28.47,-18.66,-21.36,-2.50,28.36,-0.09,-2.29,1,31.74,0.76,59.94
146944,299463813,44.98,-38.26,-14.69,-18.53,40.99,-0.44,-2.77,1,42.37,-0.15,80.62
146944,299374415,38.58,19.20,32.52,7.87,37.77,0.21,1.04,-1,43.38,-2.01,80.87
146944,213734973,47.30,-14.84,34.71,28.49,37.76,0.70,1.97,1,19.32,-1.61,52.69
146944,214528911,44.58,-7.39,24.81,36.29,25.89,1.14,1.86,-1,17.80,-0.94,42.30
146944,214803656,49.71,10.22,36.88,31.73,38.27,0.76,1.30,1,37.91,-2.03,75.86
146944,214668394,98.23,35.53,-2.96,-91.53,35.65,-1.67,-0.08,1,16.68,2.26,44.98
146944,215033651,83.12,7.43,-38.11,73.50,38.83,1.39,-1.38,1,32.23,2.04,70.08
146944,215167651,174.93,-23.14,-39.20,-168.90,45.52,-2.02,-2.10,1,28.01,0.56,69.37
146944,215265140,63.68,-20.64,-23.17,-55.61,31.03,-1.35,-2.30,1,17.93,0.95,47.11
146944,214476269,104.58,-56.32,12.07,-87.29,57.60,-1.20,2.93,-1,5.98,-0.92,34.82
146944,214732005,200.59,-15.05,44.09,195.11,46.58,2.14,1.90,-1,46.95,-0.94,92.46
146944,215408717,40.16,-15.50,36.16,-8.04,39.34,-0.20,1.98,1,36.72,-1.16,76.02
146944,215630653,156.92,44.14,7.56,-150.39,44.78,-1.93,0.17,1,16.17,-2.51,52.38
146944,219237008,32.66,-16.53,28.15,-0.93,32.64,-0.03,2.10,-1,23.24,-1.29,54.66
146944,220079497,51.90,22.84,-16.57,43.56,28.22,1.22,-0.63,-1,3.07,1.08,14.01
146944,219507314,161.52,-23.96,-21.18,158.32,31.98,2.30,-2.42,-1,40.66,0.68,72.10
146944,220206752,34.86,29.74,12.76,12.95,32.36,0.39,0.41,1,12.04,-2.19,38.00
146944,221455640,33.14,-25.93,-16.23,12.75,30.59,0.41,-2.58,1,26.33,0.44,56.67
146944,221301769,52.35,-37.51,-10.95,-34.84,39.08,-0.80,-2.86,1,47.25,0.25,85.92
146944,220371019,32.18,15.34,28.29,0.71,32.18,0.02,1.07,1,29.09,-1.94,61.07
146944,220772227,59.14,-6.31,-31.95,-49.36,32.56,-1.20,-1.77,1,1.32,0.16,10.77
146944,220829868,87.52,-21.72,-34.90,77.26,41.11,1.39,-2.13,1,37.53,1.03,78.55
146944,220971693,161.51,-37.23,0.84,157.16,37.24,2.15,3.12,1,45.76,-0.24,82.07
146944,223259336,50.13,-11.60,30.67,37.92,32.79,0.99,1.93,-1,46.81,-1.10,78.23
146944,223347384,55.23,16.18,-23.91,-47.08,28.87,-1.27,-0.98,-1,31.87,2.11,60.64
146944,223387985,35.30,-27.03,14.29,-17.64,30.58,-0.55,2.66,-1,17.36,-0.89,45.14
146944,223957361,68.30,36.31,4.76,-57.65,36.62,-1.24,0.13,1,24.33,-2.56,58.20
146944,223648914,39.24,33.41,8.24,-18.86,34.41,-0.52,0.24,-1,34.13,-2.93,68.53
146944,224149610,44.32,-15.57,-41.49,-0.54,44.31,-0.01,-1.93,1,42.24,0.92,85.64
146944,223246523,36.26,33.60,-4.43,-12.91,33.89,-0.37,-0.13,-1,32.94,2.59,65.33
146944,224356139,147.75,41.20,-10.93,-141.47,42.63,-1.91,-0.26,-1,12.75,-3.11,46.13
146944,224463011,148.94,-33.28,25.11,-142.99,41.69,-1.95,2.50,1,8.85,1.22,22.87
146944,224583933,29.75,27.26,-11.57,-2.86,29.62,-0.10,-0.40,-1,11.42,-1.48,18.81
146944,225316422,27.98,23.54,12.97,-7.78,26.88,-0.29,0.50,1,44.43,-1.94,65.00
146944,224735913,45.60,32.10,23.13,22.69,39.56,0.55,0.62,1,43.06,-2.68,82.28
146944,225787714,173.95,27.00,-25.58,169.93,37.19,2.22,-0.76,1,3.33,-1.73,10.39
146944,237155410,224.59,31.53,-49.51,216.78,58.70,2.02,-1.00,-1,8.13,0.57,30.98
146944,236401915,198.76,17.94,-37.86,-194.30,41.89,-2.24,-1.13,-1,14.69,0.28,32.11
146944,237596275,42.47,10.63,34.32,-22.64,35.93,-0.59,1.27,1,26.59,-1.98,61.73
146944,236336757,40.90,3.74,33.95,22.50,34.15,0.62,1.46,1,49.38,-0.88,75.59
146944,236418310,39.70,25.79,-0.26,-30.19,25.79,-1.00,-0.01,-1,35.12,-2.97,59.95
146944,236856830,33.19,32.84,-0.07,4.77,32.84,0.14,-0.00,-1,51.05,3.05,81.81
146944,238427272,26.61,-20.22,17.18,1.99,26.53,0.07,2.44,1,6.85,-0.95,26.75
146944,239045609,189.96,31.83,5.67,-187.19,32.33,-2.46,0.18,1,9.14,2.76,33.06
146944,239153474,245.71,39.10,-26.70,-241.10,47.35,-2.33,-0.60,-1,5.85,1.28,26.90
146944,238171492,95.54,28.47,-35.63,83.95,45.61,1.37,-0.90,1,26.70,2.61,68.61
146944,238438308,155.79,-2.34,-29.87,152.88,29.96,2.33,-1.65,1,10.79,-0.63,17.54
146944,237926741,389.38,59.10,-25.99,383.99,64.57,2.48,-0.41,-1,17.00,-2.35,54.66
146944,238305422,137.55,-17.64,-28.02,133.51,33.11,2.10,-2.13,1,9.60,-1.36,13.51
146944,239088734,90.70,-16.59,-30.77,83.70,34.96,1.61,-2.07,-1,11.11,1.28,39.22
146944,241632384,150.82,25.63,13.21,-148.04,28.84,-2.34,0.48,-1,11.76,-1.07,25.68
146944,240927161,122.67,-12.64,-26.25,119.16,29.14,2.12,-2.02,-1,38.63,0.35,62.11
146944,241986866,104.85,-22.31,14.80,101.37,26.78,2.04,2.56,-1,144.71,-3.07,40.09
146944,241126347,69.11,-9.10,-32.34,-60.39,33.60,-1.35,-1.85,1,13.02,1.95,39.60
146944,241008789,168.89,-13.00,-40.99,163.33,43.00,2.04,-1.88,1,31.38,1.40,73.30
146944,241369798,67.36,27.03,-60.03,-14.24,65.84,-0.21,-1.15,-1,33.95,2.66,89.36
146944,242024382,27.18,-24.46,9.24,7.41,26.15,0.28,2.78,1,19.19,-0.57,44.55
146944,241520655,65.40,24.70,-32.87,-50.86,41.12,-1.04,-0.93,1,14.94,-2.79,39.73
146944,249584832,111.68,-2.92,96.66,55.86,96.70,0.55,1.60,1,57.36,-2.91,115.19
146944,250137720,137.40,21.45,-14.82,-134.91,26.07,-2.35,-0.60,1,11.35,2.88,33.90
146944,250160544,64.60,26.32,21.70,54.86,34.11,1.25,0.69,1,28.52,-2.76,61.63
146944,250814560,56.56,-40.01,3.91,-39.79,40.20,-0.87,3.04,-1,35.22,0.08,74.96
146944,249568873,37.48,-24.75,21.29,18.41,32.65,0.54,2.43,-1,2.66,-0.44,18.48
146944,249719249,46.86,-2.77,-41.50,21.60,41.59,0.50,-1.64,-1,33.19,1.81,73.46
146944,250798577,222.95,-3.75,-38.21,219.62,38.40,2.44,-1.67,-1,8.45,1.68,35.83
146944,250779651,187.98,9.47,33.04,184.81,34.37,2.38,1.29,1,7.39,2.99,23.92
146944,250664341,183.10,32.09,8.38,180.07,33.17,2.39,0.26,-1,12.92,2.82,39.72
146944,249814702,197.03,37.74,1.18,193.38,37.76,2.34,0.03,1,26.59,-2.74,62.26
146944,255620474,136.12,-31.69,-19.10,-131.00,37.00,-1.98,-2.60,-1,9.33,-1.44,20.35
146944,255696298,38.64,35.58,-11.51,-9.74,37.39,-0.26,-0.31,-1,6.03,-1.86,21.02
146944,255544683,52.30,-32.30,20.61,35.59,38.32,0.83,2.57,1,36.27,-0.53,74.55
146944,256413195,46.57,-29.75,-0.23,35.84,29.75,1.02,-3.13,1,27.69,0.32,56.68
146944,255635548,42.47,12.05,23.17,-33.50,26.11,-1.07,1.09,1,12.28,-1.37,33.74
146944,255581623,73.62,-22.80,12.28,68.92,25.89,1.71,2.65,-1,9.07,2.78,2.03
146944,255804479,36.03,32.44,15.65,1.00,36.02,0.03,0.45,1,35.43,-2.89,71.09
146944,256348559,109.08,-50.64,-18.30,94.87,53.84,1.33,-2.79,1,29.19,-0.10,77.34
146944,255537288,178.85,10.21,43.26,173.24,44.45,2.07,1.34,-1,16.40,-1.49,53.35
146944,256067776,37.00,28.48,7.68,22.33,29.50,0.70,0.26,-1,3.52,-2.97,20.36
146944,259208202,42.94,33.47,-24.51,-11.09,41.48,-0.26,-0.63,-1,42.58,2.89,82.55
146944,259577836,150.97,-30.78,-18.59,-146.63,35.96,-2.11,-2.60,-1,4.12,-0.72,19.65
146944,259091869,43.90,-31.73,30.20,2.82,43.80,0.06,2.38,-1,32.07,-0.85,74.89
146944,259625694,40.21,-2.69,38.30,11.96,38.40,0.31,1.64,1,50.61,-1.44,88.11
146944,258331767,65.09,-25.53,-38.02,46.26,45.80,0.89,-2.16,-1,20.59,0.83,61.24
146944,258710393,36.22,29.83,-16.27,12.53,33.98,0.36,-0.50,1,25.37,2.30,57.87
146944,258752545,155.83,-15.99,-21.49,-153.51,26.78,-2.45,-2.21,-1,18.62,2.38,33.46
146944,260153643,46.32,-19.63,-19.13,37.34,27.41,1.12,-2.37,1,44.96,0.37,68.77
146944,259948724,158.10,-24.44,20.09,154.90,31.64,2.29,2.45,-1,17.98,2.47,0.43
146944,260289124,35.21,-13.39,-32.32,3.98,34.98,0.11,-1.96,-1,40.93,1.28,75.58
146944,261031724,165.27,27.30,-2.23,162.99,27.40,2.48,-0.08,1,9.96,-1.44,20.71
146944,260003462,242.07,32.00,-50.75,234.52,59.99,2.07,-1.01,-1,11.99,0.94,44.39
146944,260479254,171.36,8.94,31.06,-168.28,32.33,-2.35,1.29,1,7.97,-1.38,31.20
146944,261004390,177.76,-29.56,-2.83,175.26,29.69,2.48,-3.05,-1,32.70,0.27,62.09
146944,261362075,75.49,-15.82,34.16,65.43,37.65,1.32,2.00,1,6.89,0.19,25.33
146944,261486323,319.96,-61.38,-38.31,311.67,72.36,2.17,-2.58,-1,21.49,-0.43,69.45
146944,262270955,130.22,-32.14,40.06,119.66,51.36,1.58,2.25,1,26.29,-0.74,73.28
146944,261369300,85.05,-46.10,47.98,-52.97,66.54,-0.73,2.34,1,31.25,0.59,69.92
146944,261578372,90.78,-26.25,-19.47,-84.69,32.68,-1.68,-2.50,-1,39.96,0.55,72.21
146944,261411469,28.41,24.79,6.34,12.35,25.59,0.47,0.25,-1,0.14,1.02,1.40
146944,262420661,82.63,26.39,-41.63,-66.32,49.29,-1.11,-1.01,1,28.76,1.90,74.77
146944,261837486,42.69,-3.89,-30.01,30.12,30.26,0.88,-1.70,1,14.13,-1.81,2.24
146944,261746743,207.31,-35.98,14.48,203.65,38.78,2.36,2.76,1,27.90,0.12,63.75
146944,277845048,71.77,-18.49,26.29,64.17,32.14,1.44,2.18,1,3.53,-0.64,21.04
